{
  "description": "Track A Verification: Centroid computation comparison",
  "method": "Inner convex hull via single-layer peeling, filled-solid centroid via tetrahedron decomposition",
  "results": [
    {
      "color": "aqua",
      "num_samples": 119,
      "num_published_vertices": 28,
      "published_centroid": [
        -3.01,
        -1.52,
        6.18
      ],
      "computed_simple_centroid": [
        -2.726895462098139,
        -1.3561173897287515,
        6.316785714285714
      ],
      "computed_proper_centroid": [
        -3.0122983824335496,
        -1.519654285898927,
        6.179821891818379
      ],
      "simple_error": 0.35456455119286373,
      "proper_error": 0.0023310518172901203,
      "from_published_vertices_error": 0.0033339363546954757
    },
    {
      "color": "beige",
      "num_samples": 277,
      "num_published_vertices": 32,
      "published_centroid": [
        1.7,
        2.94,
        6.15
      ],
      "computed_simple_centroid": [
        1.5153907050143303,
        2.818184237672245,
        6.140937500000001
      ],
      "computed_proper_centroid": [
        1.6990305418594884,
        2.9405911245693437,
        6.146889951863168
      ],
      "simple_error": 0.2213635034346179,
      "proper_error": 0.003310842303115985,
      "from_published_vertices_error": 0.0039378136682879355
    },
    {
      "color": "blue",
      "num_samples": 1673,
      "num_published_vertices": 66,
      "published_centroid": [
        -1.28,
        -4.46,
        4.69
      ],
      "computed_simple_centroid": [
        -0.9983061627085528,
        -4.936066546470201,
        4.847575757575758
      ],
      "computed_proper_centroid": [
        -1.2786603785144168,
        -4.462099569502688,
        4.685423122546354
      ],
      "simple_error": 0.5751703173944377,
      "proper_error": 0.0052106223281824645,
      "from_published_vertices_error": 0.005058896844731486
    },
    {
      "color": "brown",
      "num_samples": 536,
      "num_published_vertices": 33,
      "published_centroid": [
        2.56,
        2.67,
        3.95
      ],
      "computed_simple_centroid": [
        2.4881566806654525,
        2.384740378659754,
        3.4778787878787876
      ],
      "computed_proper_centroid": [
        2.5601050488355916,
        2.6735410303828715,
        3.9536848321353797
      ],
      "simple_error": 0.5562669799970058,
      "proper_error": 0.005111547641977354,
      "from_published_vertices_error": 0.004863576234399005
    },
    {
      "color": "coral",
      "num_samples": 215,
      "num_published_vertices": 34,
      "published_centroid": [
        7.59,
        3.3,
        5.84
      ],
      "computed_simple_centroid": [
        7.700904659507567,
        3.6463872069964447,
        5.986176470588235
      ],
      "computed_proper_centroid": [
        7.590426049343233,
        3.3040294243674677,
        5.844692431289075
      ],
      "simple_error": 0.3919840573606543,
      "proper_error": 0.006199733073181795,
      "from_published_vertices_error": 0.006603481551099078
    },
    {
      "color": "fuchsia",
      "num_samples": 46,
      "num_published_vertices": 18,
      "published_centroid": [
        9.77,
        -3.33,
        4.09
      ],
      "computed_simple_centroid": [
        10.25031233968841,
        -3.16781908472618,
        3.847777777777778
      ],
      "computed_proper_centroid": [
        9.774648157802739,
        -3.3293877319461584,
        4.091370583508907
      ],
      "simple_error": 0.5618489101834054,
      "proper_error": 0.004884541153865992,
      "from_published_vertices_error": 0.004111032975549564
    },
    {
      "color": "gold",
      "num_samples": 362,
      "num_published_vertices": 47,
      "published_centroid": [
        2.36,
        6.96,
        6.39
      ],
      "computed_simple_centroid": [
        2.2084942625418424,
        7.350252605709419,
        6.541063829787236
      ],
      "computed_proper_centroid": [
        2.3641700109420123,
        6.960850680184671,
        6.388246319396127
      ],
      "simple_error": 0.4450520929236467,
      "proper_error": 0.004603047218256031,
      "from_published_vertices_error": 0.005136748198085945
    },
    {
      "color": "gray",
      "num_samples": 482,
      "num_published_vertices": 39,
      "published_centroid": [
        0.43,
        -0.33,
        5.25
      ],
      "computed_simple_centroid": [
        0.4135082844532052,
        -0.335618725361361,
        5.167948717948719
      ],
      "computed_proper_centroid": [
        0.43344141873518593,
        -0.3311450034714906,
        5.251258343286637
      ],
      "simple_error": 0.08388062733803105,
      "proper_error": 0.0038389873257982433,
      "from_published_vertices_error": 0.00472424542462132
    },
    {
      "color": "green",
      "num_samples": 1296,
      "num_published_vertices": 66,
      "published_centroid": [
        -4.17,
        2.28,
        5.33
      ],
      "computed_simple_centroid": [
        -3.5252265725493364,
        1.8561698206276729,
        4.986969696969697
      ],
      "computed_proper_centroid": [
        -4.167191357504999,
        2.2762974942815624,
        5.325217267852891
      ],
      "simple_error": 0.8444137507705073,
      "proper_error": 0.0066686991273243,
      "from_published_vertices_error": 0.005681741491507238
    },
    {
      "color": "lavender",
      "num_samples": 47,
      "num_published_vertices": 15,
      "published_centroid": [
        2.96,
        -3.77,
        5.37
      ],
      "computed_simple_centroid": [
        2.9071002748843338,
        -3.3014732504689794,
        5.502
      ],
      "computed_proper_centroid": [
        2.9607994751531392,
        -3.765430355999292,
        5.3695221115724845
      ],
      "simple_error": 0.4896322047653898,
      "proper_error": 0.004663602058800287,
      "from_published_vertices_error": 0.004480050087399616
    },
    {
      "color": "lilac",
      "num_samples": 78,
      "num_published_vertices": 20,
      "published_centroid": [
        3.47,
        -3.36,
        5.61
      ],
      "computed_simple_centroid": [
        3.131768957333218,
        -2.9796992696778974,
        5.761000000000001
      ],
      "computed_proper_centroid": [
        3.4697933359724313,
        -3.3610311591442503,
        5.609586850356998
      ],
      "simple_error": 0.5308765239742508,
      "proper_error": 0.0011299078849954843,
      "from_published_vertices_error": 0.0009618738472848177
    },
    {
      "color": "magenta",
      "num_samples": 25,
      "num_published_vertices": 7,
      "published_centroid": [
        8.69,
        -3.55,
        3.37
      ],
      "computed_simple_centroid": [
        8.800888089100669,
        -3.570247212466058,
        3.332857142857143
      ],
      "computed_proper_centroid": [
        8.691770599347052,
        -3.552748932367002,
        3.373269429456106
      ],
      "simple_error": 0.11868323282493747,
      "proper_error": 0.004623939897380502,
      "from_published_vertices_error": 0.004718754324896517
    },
    {
      "color": "mauve",
      "num_samples": 181,
      "num_published_vertices": 44,
      "published_centroid": [
        3.28,
        -2.02,
        5.15
      ],
      "computed_simple_centroid": [
        2.98244688658661,
        -1.9683192957973619,
        5.213181818181818
      ],
      "computed_proper_centroid": [
        3.2754527185277382,
        -2.0243978826788402,
        5.148756775797161
      ],
      "simple_error": 0.3085460948345361,
      "proper_error": 0.0064470727670269965,
      "from_published_vertices_error": 0.0068483819219787205
    },
    {
      "color": "navy",
      "num_samples": 100,
      "num_published_vertices": 24,
      "published_centroid": [
        0.51,
        -3.57,
        2.11
      ],