{
  "families": [
    "aqua",
    "aquamarine",
    "blue",
    "brown",
    "coral",
    "fuchsia",
    "gold",
    "gray",
    "green",
    "indigo",
    "lime",
    "magenta",
    "mauve",
    "peach",
    "plum",
    "red",
    "rust",
    "tan",
    "teal",
    "violet",
    "white",
    "wine",
    "yellow"
  ],
  "sample_weights": {
    "aqua": 14,
    "aquamarine": 12,
    "blue": 121,
    "brown": 37,
    "coral": 23,
    "fuchsia": 16,
    "gold": 17,
    "gray": 34,
    "green": 169,
    "indigo": 19,
    "lime": 28,
    "magenta": 14,
    "mauve": 14,
    "peach": 36,
    "plum": 14,
    "red": 34,
    "rust": 15,
    "tan": 19,
    "teal": 19,
    "violet": 27,
    "white": 14,
    "wine": 20,
    "yellow": 58
  },
  "results": [
    {
      "method": "mean",
      "combined_loss": 0.42276261731848974,
      "translation": [
        1.4618727075559776,
        0.08907931549341774,
        1.5723987979039205
      ],
      "scaling": [
        0.00663045673232725,
        0.7002768420158149,
        0.8823468342714034
      ],
      "per_family_losses": {
        "aqua": 0.4611648929259399,
        "aquamarine": 0.3098679983688017,
        "blue": 0.38114097721517887,
        "brown": 0.4640416704021951,
        "coral": 0.557883031083223,
        "fuchsia": 0.370453231849834,
        "gold": 0.3651854646402186,
        "gray": 0.45291520054331863,
        "green": 0.4476372212020682,
        "indigo": 0.4851130890955506,
        "lime": 0.5707614178745138,
        "magenta": 0.4297419563234819,
        "mauve": 0.4234823811262796,
        "peach": 0.09840555025388152,
        "plum": 0.40437727947943547,
        "red": 0.5370607700751099,
        "rust": 0.46688884031687794,
        "tan": 0.41495126227209295,
        "teal": 0.5030076029009194,
        "violet": 0.33547067757908827,
        "white": 0.4338512567872403,
        "wine": 0.42100922196314033,
        "yellow": 0.38912920404687296
      },
      "worst_family": "lime",
      "worst_loss": 0.5707614178745138,
      "best_family": "peach",
      "best_loss": 0.09840555025388152
    },
    {
      "method": "sum",
      "combined_loss": 9.723774146611222,
      "translation": [
        1.4618529713659771,
        0.08906254416067622,
        1.572388081391585
      ],
      "scaling": [
        0.006717802159389328,
        0.7002938630133562,
        0.8823162267276878
      ],
      "per_family_losses": {
        "aqua": 0.4610834554649901,
        "aquamarine": 0.30867707928044474,
        "blue": 0.38107356915844426,
        "brown": 0.4639492937826977,
        "coral": 0.5577937506381931,
        "fuchsia": 0.37040051886913133,
        "gold": 0.3650291058460842,
        "gray": 0.45291265208233356,
        "green": 0.4476085071899917,
        "indigo": 0.48495781205119026,
        "lime": 0.5706703843586298,
        "magenta": 0.4297203123390014,
        "mauve": 0.4234598920063864,
        "peach": 0.10234836811683262,
        "plum": 0.404361299071494,
        "red": 0.5370141549223822,
        "rust": 0.4668102219114016,
        "tan": 0.41489851060681476,
        "teal": 0.5029762185087809,
        "violet": 0.33409435392500714,
        "white": 0.4338488538494464,
        "wine": 0.42098419264181225,
        "yellow": 0.38910163998973246
      },
      "worst_family": "lime",
      "worst_loss": 0.5706703843586298,
      "best_family": "peach",
      "best_loss": 0.10234836811683262
    },
    {
      "method": "weighted_mean",
      "combined_loss": 0.42238603150383014,
      "translation": [
        1.4964261265299386,
        0.037736392372294654,
        1.6789931588503335
      ],
      "scaling": [
        0.011915395918072405,
        0.3705194319194903,
        0.927968170611086
      ],
      "per_family_losses": {
        "aqua": 0.4600114466608743,
        "aquamarine": 0.33731664448539,
        "blue": 0.377587122042275,
        "brown": 0.4814060246092029,
        "coral": 0.6071258068740064,
        "fuchsia": 0.41050100460903177,
        "gold": 0.42545261721537464,
        "gray": 0.47032217505091223,
        "green": 0.4174461336870199,
        "indigo": 0.4741157138963433,
        "lime": 0.5732953100167223,
        "magenta": 0.4356794002393851,
        "mauve": 0.41334780600684723,
        "peach": 0.14744416637331942,
        "plum": 0.4147081333786815,
        "red": 0.5280094313543608,
        "rust": 0.5020785153487404,
        "tan": 0.37375536447553853,
        "teal": 0.4981629743528523,
        "violet": 0.3249950865371756,
        "white": 0.42231710282710755,
        "wine": 0.42006769170241126,
        "yellow": 0.43854223477671056
      },
      "worst_family": "coral",
      "worst_loss": 0.6071258068740064,
      "best_family": "peach",
      "best_loss": 0.14744416637331942
    },
    {
      "method": "minimax",
      "combined_loss": 0.541748189739625,
      "translation": [
        1.1478140941016557,
        2.1995543214215543,
        2.094297806540516
      ],
      "scaling": [
        0.1870878166089395,
        -0.057760291945450966,
        0.8583219641202007
      ],
      "per_family_losses": {
        "aqua": 0.5212683001749112,
        "aquamarine": 0.4066448970126111,
        "blue": 0.44786246733198837,
        "brown": 0.4892484692433153,
        "coral": 0.5301501009697215,
        "fuchsia": 0.4691390817595854,
        "gold": 0.49304681444083936,
        "gray": 0.541748189739625,
        "green": 0.3720232036839149,
        "indigo": 0.4892300754602648,
        "lime": 0.5354621406580888,
        "magenta": 0.45253401472512006,
        "mauve": 0.438397839958574,
        "peach": 0.5415781229317949,
        "plum": 0.4144064608403908,
        "red": 0.4661613006771861,
        "rust": 0.49726942606754515,
        "tan": 0.36013348242368426,
        "teal": 0.541701083625926,
        "violet": 0.24312802236358272,
        "white": 0.47186350714581554,
        "wine": 0.4235112289341265,
        "yellow": 0.49738660341328955
      },
      "worst_family": "gray",
      "worst_loss": 0.541748189739625,
      "best_family": "violet",
      "best_loss": 0.24312802236358272
    },
    {
      "method": "trimmed_mean_10",
      "combined_loss": 0.4035541314282341,
      "translation": [
        -0.21050147127544988,
        -2.435875491027588,
        -1.2440224566357432
      ],
      "scaling": [
        0.014292194860171529,
        0.9746975564715841,
        1.1974943561894353
      ],
      "per_family_losses": {
        "aqua": 0.3687634283343164,
        "aquamarine": 0.1680116291486558,
        "blue": 0.4015781699893058,
        "brown": 0.318042615680097,
        "coral": 0.539933539175888,
        "fuchsia": 0.3836919248441468,
        "gold": 0.3081488848060806,
        "gray": 0.4050211239988347,
        "green": 0.39836730219042904,
        "indigo": 0.43144342191636204,
        "lime": 0.5070027521073546,
        "magenta": 0.45499480254497976,
        "mauve": 0.3924246625860369,
        "peach": 1.0550780845062322,
        "plum": 0.39519553751130876,
        "red": 0.5982557946292004,
        "rust": 0.43428529183461984,
        "tan": 0.36879157898653275,
        "teal": 0.42431039100419204,
        "violet": 0.30811712340750663,
        "white": 0.40017939451417994,
        "wine": 0.37600937865773426,
        "yellow": 0.35934429645404753
      },
      "worst_family": "peach",
      "worst_loss": 1.0550780845062322,
      "best_family": "aquamarine",
      "best_loss": 0.1680116291486558
    },
    {
      "method": "trimmed_mean_20",
      "combined_loss": 0.3093413436037424,
      "translation": [
        -0.3819272859249139,
        -1.8433715853485273,
        0.6812690439688049
      ],
      "scaling": [
        0.2636449172963449,
        0.9059442921954769,
        0.8535877673362617
      ],
      "per_family_losses": {
        "aqua": 0.14444336944860545,
        "aquamarine": 4.333779075532911,
        "blue": 0.17428714512570004,
        "brown": 0.19069253817385795,