{
  "per_family": {
    "aqua": {
      "centroid": 1.4644496241434304,
      "volume": 3.4191228782538756,
      "hausdorff": 0.46223694733988907,
      "chamfer": 0.45842509698054384,
      "emd": 0.5414292546267109,
      "spectral": 0.1716091048659532,
      "iou": 1.0
    },
    "aquamarine": {
      "centroid": 0.7744194503780111,
      "volume": 72.77850161628865,
      "hausdorff": 0.5139040100199027,
      "chamfer": 0.51352450705318,
      "emd": 0.5851425951314578,
      "spectral": 0.12974379678040474,
      "iou": 0.9989743589743589
    },
    "blue": {
      "centroid": 0.8865232621985685,
      "volume": 3.264341096577521,
      "hausdorff": 0.2986048223835862,
      "chamfer": 0.2924928622164263,
      "emd": 0.33303531285386917,
      "spectral": 0.03426989826973968,
      "iou": 0.9325955734406439
    },
    "brown": {
      "centroid": 1.3916713201213597,
      "volume": 5.568626357751145,
      "hausdorff": 0.30823689503337504,
      "chamfer": 0.2941637231820034,
      "emd": 0.46907597834696485,
      "spectral": 0.141582345010439,
      "iou": 0.9838709677419355
    },
    "coral": {
      "centroid": 1.083495603869828,
      "volume": 3.9652880109702053,
      "hausdorff": 0.28489683773253655,
      "chamfer": 0.2761345862450554,
      "emd": 0.4116409298388784,
      "spectral": 0.038628404295906034,
      "iou": 0.9552058111380145
    },
    "fuchsia": {
      "centroid": 0.39770960494332436,
      "volume": 2.55879896417347,
      "hausdorff": 0.18326086555065646,
      "chamfer": 0.18502117920846384,
      "emd": 0.2402715666177498,
      "spectral": 0.382200135655457,
      "iou": 0.8344907407407407
    },
    "gold": {
      "centroid": 0.4054211339578787,
      "volume": 8.523704999994697,
      "hausdorff": 0.2537603427913915,
      "chamfer": 0.24582806380092034,
      "emd": 0.33021797889340315,
      "spectral": 0.07109988615437368,
      "iou": 0.9554597701149425
    },
    "green": {
      "centroid": 1.40113850505257,
      "volume": 0.05438116254681402,
      "hausdorff": 0.2545172663635834,
      "chamfer": 0.21978553118413394,
      "emd": 0.40218649471662693,
      "spectral": 0.3507965856344774,
      "iou": 0.9139966273187183
    },
    "indigo": {
      "centroid": 1.1303820029685343,
      "volume": 8.628822744547634,
      "hausdorff": 0.34160807832542356,
      "chamfer": 0.3523462868853119,
      "emd": 0.4151567585635506,
      "spectral": 0.285639107848728,
      "iou": 0.9850948509485095
    },
    "lime": {
      "centroid": 0.9178729979485308,
      "volume": 3.86112931279448,
      "hausdorff": 0.2950837994354612,
      "chamfer": 0.25071688484999954,
      "emd": 0.3541067391074988,
      "spectral": 0.23233701727446404,
      "iou": 0.9522983521248916
    },
    "magenta": {
      "centroid": 0.7598975050934591,
      "volume": 0.6494531982153242,
      "hausdorff": 0.22516413084557452,
      "chamfer": 0.22107214688356316,
      "emd": 0.3078634748412784,
      "spectral": 0.2317953231602127,
      "iou": 0.8359957401490947
    },
    "mauve": {
      "centroid": 1.0386797336771427,
      "volume": 1.4427856958248655,
      "hausdorff": 0.2995433726068571,
      "chamfer": 0.30051889442042223,
      "emd": 0.47180056862583136,
      "spectral": 0.2589093555173337,
      "iou": 0.8502923976608188
    },
    "peach": {
      "centroid": 0.500337187533028,
      "volume": 243.0885754812507,
      "hausdorff": 0.4319228982430982,
      "chamfer": 0.43127234766901446,
      "emd": 0.5391349190926851,
      "spectral": 0.0968715954502984,
      "iou": 0.9955290611028316
    },
    "plum": {
      "centroid": 0.36975789597779163,
      "volume": 0.057048103740397704,
      "hausdorff": 0.19765476950416758,
      "chamfer": 0.15982566163373682,
      "emd": 0.19464527873518234,
      "spectral": 0.5385810862262547,
      "iou": 0.8913043478260869
    },
    "red": {
      "centroid": 1.1577357492435831,
      "volume": 0.6383049717426296,
      "hausdorff": 0.13156955440895676,
      "chamfer": 0.10503016643691476,
      "emd": 0.30667991083222534,
      "spectral": 0.21223477961754345,
      "iou": 0.686595949855352
    },
    "rust": {
      "centroid": 0.4884195740061269,
      "volume": 3.1620402932985394,
      "hausdorff": 0.20357744401783937,
      "chamfer": 0.2107361126084943,
      "emd": 0.29121587632188267,
      "spectral": 0.15462820117614698,
      "iou": 0.9734513274336283
    },
    "tan": {
      "centroid": 1.0790615300377393,
      "volume": 2.4149459975626213,
      "hausdorff": 0.3070584496079684,
      "chamfer": 0.30979162714701847,
      "emd": 0.43518630222570714,
      "spectral": 0.22975645666015476,
      "iou": 0.8915135608048994
    },
    "teal": {
      "centroid": 2.0238825082646996,
      "volume": 0.4474935335476655,
      "hausdorff": 0.429531513289456,
      "chamfer": 0.4038952614412443,
      "emd": 0.5495454317540971,
      "spectral": 0.12820663506782526,
      "iou": 1.0
    },
    "violet": {
      "centroid": 0.8485871540016492,
      "volume": 83.65052273435124,
      "hausdorff": 0.3548274423652367,
      "chamfer": 0.37003585896314156,
      "emd": 0.4756801942312802,
      "spectral": 0.28317620817641365,
      "iou": 0.9849354375896701
    },
    "wine": {
      "centroid": 0.7133743000989489,
      "volume": 0.3997785486129295,
      "hausdorff": 0.1760893155637371,
      "chamfer": 0.15761687735831967,
      "emd": 0.21266216449356265,
      "spectral": 0.04285257880010175,
      "iou": 0.8918918918918919
    },
    "yellow": {
      "centroid": 0.6387934275378475,
      "volume": 0.29887688613022934,
      "hausdorff": 0.1962012729222115,
      "chamfer": 0.16780725499777185,
      "emd": 0.30482059661750294,
      "spectral": 0.33002305970296275,
      "iou": 0.6530898876404494
    }
  },
  "analysis": {
    "metrics": [
      "centroid",
      "volume",
      "hausdorff",
      "chamfer",
      "emd",
      "spectral",
      "iou"
    ],
    "correlation_matrix": [
      [
        1.0,
        -0.2595202834631489,
        0.3987631725574654,
        0.3484921219515765,
        0.5674376569013908,
        -0.18246508901665592,
        0.21598931443909428
      ],
      [
        -0.25952028346314887,
        1.0,
        0.4854935810621011,
        0.5026050467777187,
        0.4526406386152796,
        -0.1937095539816662,
        0.3143096855285288
      ],
      [
        0.39876317255746546,
        0.48549358106210116,
        1.0,
        0.9893062130818957,
        0.9119232906454663,
        -0.313693483403854,
        0.6949876692523929
      ],
      [
        0.3484921219515765,
        0.5026050467777187,
        0.9893062130818957,
        0.9999999999999999,
        0.906378757434197,
        -0.3329910897001057,
        0.7040318158942434
      ],
      [
        0.5674376569013908,
        0.45264063861527953,
        0.9119232906454664,
        0.9063787574341972,
        1.0,
        -0.3239901817983577,
        0.5390833585760818
      ],
      [
        -0.18246508901665592,
        -0.1937095539816662,
        -0.313693483403854,
        -0.3329910897001057,
        -0.3239901817983577,
        1.0,
        -0.3747415849370979
      ],
      [
        0.21598931443909428,
        0.3143096855285287,
        0.6949876692523929,
        0.7040318158942434,
        0.5390833585760818,
        -0.3747415849370979,
        1.0
      ]
    ],
    "statistics": {
      "centroid": {
        "mean": 0.9272195271930501,
        "std": 0.40896484159448426,
        "min": 0.36975789597779163,
        "max": 2.0238825082646996
      },
      "volume": {
        "mean": 21.374882980389312,
        "std": 54.35702958516227,
        "min": 0.05438116254681402,
        "max": 243.0885754812507
      },
      "hausdorff": {
        "mean": 0.29282142992147187,
        "std": 0.09952002609025079,
        "min": 0.13156955440895676,
        "max": 0.5139040100199027
      },
      "chamfer": {
        "mean": 0.2821924252936038,