{
  "metadata": {
    "generated": "2026-01-03T18:04:09.292288",
    "n_families": 35,
    "samples_per_family": 500,
    "global_mean_det_j": 2054.7,
    "global_cv": 0.02
  },
  "families": {
    "aqua": {
      "valid": true,
      "n_samples": 500,
      "mean_det_j": 2052.507200268915,
      "std_det_j": 1.5111894556776117e-06,
      "cv": 7.362651178420319e-10,
      "min_det_j": 2052.5071837504515,
      "max_det_j": 2052.5072147279834,
      "median_det_j": 2052.507200193412,
      "correction_factor": 0.9989327883724705,
      "deviation_from_global_pct": -0.10672116275295407
    },
    "aquamarine": {
      "valid": true,
      "n_samples": 500,
      "mean_det_j": 2052.5099095175515,
      "std_det_j": 0.0055075664869614314,
      "cv": 2.683332470855647e-06,
      "min_det_j": 2052.5071780384965,
      "max_det_j": 2052.5388061008134,
      "median_det_j": 2052.5072007219933,
      "correction_factor": 0.9989341069341274,
      "deviation_from_global_pct": -0.10658930658725696
    },
    "beige": {
      "valid": true,
      "n_samples": 500,
      "mean_det_j": 2052.510099473794,
      "std_det_j": 0.007040435701263259,
      "cv": 3.430158859178441e-06,
      "min_det_j": 2052.507028669541,
      "max_det_j": 2052.546709444831,
      "median_det_j": 2052.5072003751093,
      "correction_factor": 0.9989341993837515,
      "deviation_from_global_pct": -0.10658006162485023
    },
    "blue": {
      "valid": true,
      "n_samples": 500,
      "mean_det_j": 2052.513099795724,
      "std_det_j": 0.01067372827139621,
      "cv": 5.200321631300921e-06,
      "min_det_j": 2052.5071768056464,
      "max_det_j": 2052.5812683881045,
      "median_det_j": 2052.5072021968554,
      "correction_factor": 0.9989356596075943,
      "deviation_from_global_pct": -0.10643403924056605
    },
    "brown": {
      "valid": true,
      "n_samples": 500,
      "mean_det_j": 2052.5102274236074,
      "std_det_j": 0.006388883967746575,
      "cv": 3.1127172388154953e-06,
      "min_det_j": 2052.507199271259,
      "max_det_j": 2052.56380858189,
      "median_det_j": 2052.5072087017716,
      "correction_factor": 0.9989342616555251,
      "deviation_from_global_pct": -0.10657383444748758
    },
    "coral": {
      "valid": true,
      "n_samples": 500,
      "mean_det_j": 2052.511927738072,
      "std_det_j": 0.007569854164207271,
      "cv": 3.6880926546183202e-06,
      "min_det_j": 2052.5071909995454,
      "max_det_j": 2052.543095737765,
      "median_det_j": 2052.5074627744725,
      "correction_factor": 0.998935089179964,
      "deviation_from_global_pct": -0.10649108200360136
    },
    "fuchsia": {
      "valid": true,
      "n_samples": 500,
      "mean_det_j": 2052.509699985089,
      "std_det_j": 0.004506387707922655,
      "cv": 2.1955500175981595e-06,
      "min_det_j": 2052.50718677618,
      "max_det_j": 2052.528867242119,
      "median_det_j": 2052.5072005714046,
      "correction_factor": 0.9989340049569714,
      "deviation_from_global_pct": -0.10659950430286225
    },
    "gold": {
      "valid": true,
      "n_samples": 500,
      "mean_det_j": 2052.507358913971,
      "std_det_j": 0.0007143674278242513,
      "cv": 3.4804622001562013e-07,
      "min_det_j": 2052.5071418633856,
      "max_det_j": 2052.5126807032125,
      "median_det_j": 2052.5072003132373,
      "correction_factor": 0.9989328655832829,
      "deviation_from_global_pct": -0.10671344167171304
    },
    "gray": {
      "valid": true,
      "n_samples": 500,
      "mean_det_j": 2052.510472981747,
      "std_det_j": 0.009304323716281196,
      "cv": 4.5331431136448765e-06,
      "min_det_j": 2052.5069626143895,
      "max_det_j": 2052.564246121044,
      "median_det_j": 2052.5072005265956,
      "correction_factor": 0.998934381165984,
      "deviation_from_global_pct": -0.10656188340160133
    },
    "green": {
      "valid": true,
      "n_samples": 500,
      "mean_det_j": 2052.512845242257,
      "std_det_j": 0.00798572806735079,
      "cv": 3.8907079611519995e-06,
      "min_det_j": 2052.5071988118816,
      "max_det_j": 2052.54857481475,
      "median_det_j": 2052.5084488736466,
      "correction_factor": 0.9989355357192081,
      "deviation_from_global_pct": -0.1064464280791877
    },
    "indigo": {
      "valid": true,
      "n_samples": 500,
      "mean_det_j": 2052.510129767693,
      "std_det_j": 0.006161676331695888,
      "cv": 3.002019937603562e-06,
      "min_det_j": 2052.5071836901416,
      "max_det_j": 2052.5561846811597,
      "median_det_j": 2052.507200743857,
      "correction_factor": 0.9989342141274605,
      "deviation_from_global_pct": -0.10657858725394709
    },
    "lavender": {
      "valid": true,
      "n_samples": 500,
      "mean_det_j": 2052.5094858106895,
      "std_det_j": 0.005617208199543576,
      "cv": 2.7367513954874223e-06,
      "min_det_j": 2052.5071369296893,
      "max_det_j": 2052.5383298691713,
      "median_det_j": 2052.50720048792,
      "correction_factor": 0.9989339007206355,
      "deviation_from_global_pct": -0.10660992793645185
    },
    "lilac": {
      "valid": true,
      "n_samples": 500,
      "mean_det_j": 2052.509213452064,
      "std_det_j": 0.004685785920561187,
      "cv": 2.2829548777909163e-06,
      "min_det_j": 2052.506988138861,
      "max_det_j": 2052.5289294268605,
      "median_det_j": 2052.507200430182,
      "correction_factor": 0.9989337681666737,
      "deviation_from_global_pct": -0.10662318333263254
    },
    "lime": {
      "valid": true,
      "n_samples": 500,
      "mean_det_j": 2052.5088023430194,
      "std_det_j": 0.0039023224955809115,
      "cv": 1.9012451937483812e-06,
      "min_det_j": 2052.5070965354676,
      "max_det_j": 2052.5373102796625,
      "median_det_j": 2052.5072004346457,
      "correction_factor": 0.9989335680844014,
      "deviation_from_global_pct": -0.10664319155986313
    },
    "magenta": {
      "valid": true,
      "n_samples": 500,
      "mean_det_j": 2052.5111085690532,
      "std_det_j": 0.006814365611716551,
      "cv": 3.3200139981056247e-06,
      "min_det_j": 2052.506544606796,
      "max_det_j": 2052.5450910877935,
      "median_det_j": 2052.5072010207905,
      "correction_factor": 0.998934690499369,
      "deviation_from_global_pct": -0.10653095006309954
    },
    "maroon": {
      "valid": true,
      "n_samples": 500,
      "mean_det_j": 2052.5247717781635,
      "std_det_j": 0.00884968557774746,
      "cv": 4.311609632891648e-06,
      "min_det_j": 2052.512973149946,
      "max_det_j": 2052.584534478775,
      "median_det_j": 2052.522657152532,
      "correction_factor": 0.9989413402336904,
      "deviation_from_global_pct": -0.10586597663095887
    },
    "mauve": {
      "valid": true,
      "n_samples": 500,
      "mean_det_j": 2052.5116120115777,
      "std_det_j": 0.00758444498534052,
      "cv": 3.695201986169196e-06,
      "min_det_j": 2052.507169415969,
      "max_det_j": 2052.541130136831,
      "median_det_j": 2052.5072006408645,
      "correction_factor": 0.9989349355193351,
      "deviation_from_global_pct": -0.10650644806649012
    },
    "navy": {
      "valid": true,
      "n_samples": 500,
      "mean_det_j": 2052.521534998861,
      "std_det_j": 0.01333314197039507,
      "cv": 6.495981524696874e-06,
      "min_det_j": 2052.507199100018,
      "max_det_j": 2052.568197687703,
      "median_det_j": 2052.5193314498947,
      "correction_factor": 0.9989397649286326,
      "deviation_from_global_pct": -0.10602350713674324
    },
    "orange": {
      "valid": true,
      "n_samples": 500,
      "mean_det_j": 2052.509429367401,
      "std_det_j": 0.004082030013322893,
      "cv": 1.9887996395617073e-06,
      "min_det_j": 2052.507199938243,
      "max_det_j": 2052.5239238756308,
      "median_det_j": 2052.5072004904077,
      "correction_factor": 0.9989338732503048,
      "deviation_from_global_pct": -0.10661267496951954
    },
    "peach": {
      "valid": true,
      "n_samples": 500,
      "mean_det_j": 2052.5108118453522,