{
  "centore": {
    "aqua": {
      "sample_count": 119,
      "vertex_count": 28,
      "centroid": [
        -2.726895462098139,
        -1.3561173897287517,
        6.3167857142857144
      ],
      "volume": 45.523915952808714
    },
    "beige": {
      "sample_count": 277,
      "vertex_count": 32,
      "centroid": [
        1.515390705014331,
        2.8181842376722455,
        6.1409375
      ],
      "volume": 22.758320743010316
    },
    "blue": {
      "sample_count": 1673,
      "vertex_count": 66,
      "centroid": [
        -0.9983061627085528,
        -4.936066546470203,
        4.847575757575758
      ],
      "volume": 350.6612975996098
    },
    "brown": {
      "sample_count": 536,
      "vertex_count": 33,
      "centroid": [
        2.488156680665453,
        2.3847403786597545,
        3.4778787878787876
      ],
      "volume": 61.051185288522746
    },
    "coral": {
      "sample_count": 215,
      "vertex_count": 34,
      "centroid": [
        7.700904659507565,
        3.6463872069964443,
        5.986176470588235
      ],
      "volume": 129.5162144826035
    },
    "fuchsia": {
      "sample_count": 46,
      "vertex_count": 18,
      "centroid": [
        10.25031233968841,
        -3.1678190847261813,
        3.847777777777778
      ],
      "volume": 29.201404899559705
    },
    "gold": {
      "sample_count": 362,
      "vertex_count": 47,
      "centroid": [
        2.2084942625418424,
        7.35025260570942,
        6.541063829787234
      ],
      "volume": 114.08426941656577
    },
    "gray": {
      "sample_count": 485,
      "vertex_count": 39,
      "centroid": [
        0.4135082844532053,
        -0.335618725361361,
        5.167948717948718
      ],
      "volume": 53.58874393763303
    },
    "green": {
      "sample_count": 1296,
      "vertex_count": 66,
      "centroid": [
        -3.5252265725493364,
        1.856169820627673,
        4.986969696969697
      ],
      "volume": 418.3341260075365
    },
    "lavender": {
      "sample_count": 47,
      "vertex_count": 15,
      "centroid": [
        2.9071002748843346,
        -3.3014732504689785,
        5.502
      ],
      "volume": 31.16363520062881
    },
    "lilac": {
      "sample_count": 78,
      "vertex_count": 20,
      "centroid": [
        3.131768957333218,
        -2.9796992696778983,
        5.761000000000001
      ],
      "volume": 49.77377173627202
    },
    "magenta": {
      "sample_count": 25,
      "vertex_count": 7,
      "centroid": [
        8.800888089100667,
        -3.570247212466061,
        3.332857142857143
      ],
      "volume": 2.0062607932739995
    },
    "mauve": {
      "sample_count": 181,
      "vertex_count": 44,
      "centroid": [
        2.9824468865866094,
        -1.9683192957973616,
        5.213181818181819
      ],
      "volume": 120.0214071897338
    },
    "navy": {
      "sample_count": 100,
      "vertex_count": 24,
      "centroid": [
        0.4494955162882397,
        -2.9831969695945024,
        1.9291666666666665
      ],
      "volume": 2.9166896764039274
    },
    "orange": {
      "sample_count": 378,
      "vertex_count": 46,
      "centroid": [
        7.313187599530101,
        7.305575265820175,
        6.0804347826086955
      ],
      "volume": 206.93953339037333
    },
    "peach": {
      "sample_count": 102,
      "vertex_count": 28,
      "centroid": [
        3.723038417897154,
        4.1760659116691565,
        7.314285714285715
      ],
      "volume": 30.208769152851602
    },
    "pink": {
      "sample_count": 594,
      "vertex_count": 55,
      "centroid": [
        7.222183275289285,
        0.3350293711495977,
        6.0707272727272725
      ],
      "volume": 324.2230275599516
    },
    "purple": {
      "sample_count": 226,
      "vertex_count": 45,
      "centroid": [
        3.604259432661283,
        -5.420862410982899,
        2.98
      ],
      "volume": 147.08734012503356
    },
    "red": {
      "sample_count": 662,
      "vertex_count": 39,
      "centroid": [
        9.112575340363248,
        3.0008904661416276,
        3.890769230769231
      ],
      "volume": 184.94671794484623
    },
    "rose": {
      "sample_count": 467,
      "vertex_count": 51,
      "centroid": [
        7.7613717061388074,
        0.19041828590867332,
        4.977254901960785
      ],
      "volume": 366.40291223919616
    },
    "rust": {
      "sample_count": 93,
      "vertex_count": 24,
      "centroid": [
        5.927926006454875,
        3.8205548021006988,
        3.5591666666666666
      ],
      "volume": 28.789560380807778
    },
    "sand": {
      "sample_count": 123,
      "vertex_count": 24,
      "centroid": [
        1.20603150846878,
        2.6807178428631353,
        6.522083333333334
      ],
      "volume": 19.124009669594077
    },
    "tan": {
      "sample_count": 129,
      "vertex_count": 27,
      "centroid": [
        2.0150826958403965,
        3.4033987715612635,
        5.185185185185185
      ],
      "volume": 22.714017256219837
    },
    "taupe": {
      "sample_count": 76,
      "vertex_count": 23,
      "centroid": [
        0.880981075835368,
        0.8766044804853352,
        4.309565217391304
      ],
      "volume": 4.902571217562353
    },
    "teal": {
      "sample_count": 43,
      "vertex_count": 15,
      "centroid": [
        -3.319141546499469,
        -2.854173027253151,
        3.254
      ],
      "volume": 7.616567576468365
    },
    "turquoise": {
      "sample_count": 121,
      "vertex_count": 26,
      "centroid": [
        -4.132352750679852,
        -3.7831853276319296,
        5.455769230769231
      ],
      "volume": 85.45629117648224
    },
    "violet": {
      "sample_count": 178,
      "vertex_count": 31,
      "centroid": [
        4.330485435340276,
        -4.982507237279513,
        3.656129032258064
      ],
      "volume": 170.21895635539383
    },
    "white": {
      "sample_count": 152,
      "vertex_count": 24,
      "centroid": [
        0.21214362301353482,
        1.5993794865930806,
        8.3075
      ],
      "volume": 9.159772709362851
    },
    "wine": {
      "sample_count": 83,
      "vertex_count": 21,
      "centroid": [
        5.107830855681651,
        0.8420503546326518,
        2.4
      ],
      "volume": 33.70925616823921
    },
    "yellow": {
      "sample_count": 394,
      "vertex_count": 35,
      "centroid": [
        0.5657883702322943,
        7.930887062326302,
        7.835714285714285
      ],
      "volume": 119.23832817629048
    }
  },
  "xkcd": {
    "aqua": {
      "sample_count": 889,
      "vertex_count": 47,
      "centroid": [
        -5.820112006689021,
        -0.6171557661554001,
        6.880851063829787
      ],
      "volume": 784.9719608828798
    },
    "beige": {
      "sample_count": 755,
      "vertex_count": 44,
      "centroid": [
        0.45745439066174004,
        5.121207803961339,
        7.2250000000000005
      ],
      "volume": 683.5281572903813
    },
    "coral": {
      "sample_count": 156,
      "vertex_count": 26,
      "centroid": [
        5.131571419280987,
        3.3938810764821854,
        6.13846153846154
      ],
      "volume": 828.7459437721164
    },
    "fuchsia": {
      "sample_count": 160,
      "vertex_count": 32,
      "centroid": [
        11.643840316447353,
        -6.0805255058968495,
        5.143750000000001
      ],
      "volume": 700.8959171340946
    },
    "gold": {
      "sample_count": 575,
      "vertex_count": 39,
      "centroid": [
        -0.5155169207594815,
        8.368602383095745,
        6.787179487179487
      ],
      "volume": 328.93322067882775
    },
    "lavender": {
      "sample_count": 815,
      "vertex_count": 41,
      "centroid": [
        6.756453744925871,
        -7.183127952664187,
        5.741463414634146
      ],
      "volume": 1078.5896124714204
    },
    "lilac": {
      "sample_count": 527,
      "vertex_count": 48,