{
  "test_results": {
    "valid_descriptive": {
      "names": [
        "light blue",
        "dark green",
        "pale yellow",
        "bright red",
        "deep purple",
        "soft pink",
        "muted orange",
        "vivid cyan",
        "dusty rose",
        "pastel lavender",
        "neon green",
        "baby blue"
      ],
      "max_similarities": [
        0.9011515378952026,
        0.8552027940750122,
        1.0,
        0.8518825173377991,
        0.806000292301178,
        0.8657888770103455,
        0.7653831243515015,
        0.7548589706420898,
        0.7008799314498901,
        0.8006271719932556,
        0.7629560232162476,
        0.8083885908126831
      ],
      "mean_similarity": 0.8227599263191223,
      "min_similarity": 0.7008799314498901,
      "max_similarity": 1.0
    },
    "valid_metaphor": {
      "names": [
        "sky blue",
        "grass green",
        "lemon yellow",
        "cherry red",
        "forest green",
        "ocean blue",
        "sunset orange",
        "midnight blue",
        "rose pink",
        "chocolate brown",
        "cream white",
        "coal black"
      ],
      "max_similarities": [
        0.9999999403953552,
        1.000000238418579,
        1.0,
        0.9999998807907104,
        1.0,
        1.0000001192092896,
        0.9999999403953552,
        1.000000238418579,
        1.000000238418579,
        1.0,
        1.000000238418579,
        1.0
      ],
      "mean_similarity": 1.0,
      "min_similarity": 0.9999998807907104,
      "max_similarity": 1.000000238418579
    },
    "valid_artistic": {
      "names": [
        "fedex purple",
        "tiffany blue",
        "klein blue",
        "barbie pink",
        "coke red",
        "starbucks green",
        "ikea blue",
        "ferrari red"
      ],
      "max_similarities": [
        0.593765139579773,
        0.5817354321479797,
        0.6739598512649536,
        0.7193318605422974,
        0.7232538461685181,
        0.672397792339325,
        0.6192470192909241,
        0.6529573798179626
      ],
      "mean_similarity": 0.6545810699462891,
      "min_similarity": 0.5817354321479797,
      "max_similarity": 0.7232538461685181
    },
    "valid_compound": {
      "names": [
        "bluish green",
        "greenish blue",
        "reddish orange",
        "yellowish green",
        "blue green",
        "red orange",
        "yellow green",
        "blue violet",
        "purplish pink",
        "orangey red",
        "brownish yellow"
      ],
      "max_similarities": [
        0.9241679310798645,
        1.0,
        0.9239726662635803,
        1.0,
        1.0,
        1.0,
        1.0,
        0.8514202833175659,
        0.7727841138839722,
        0.9390214681625366,
        0.8167823553085327
      ],
      "mean_similarity": 0.9298316836357117,
      "min_similarity": 0.7727841138839722,
      "max_similarity": 1.0
    },
    "invalid_no_color": {
      "names": [
        "john",
        "hello",
        "computer",
        "table",
        "running",
        "happy",
        "asdfgh",
        "qwerty",
        "abcdef",
        "testing",
        "sample"
      ],
      "max_similarities": [
        0.41270795464515686,
        0.373460054397583,
        0.42391398549079895,
        0.35138922929763794,
        0.3610176742076874,
        0.3482055068016052,
        0.2944682836532593,
        0.31220120191574097,
        0.38594016432762146,
        0.2432003915309906,
        0.33806484937667847
      ],
      "mean_similarity": 0.34950628876686096,
      "min_similarity": 0.2432003915309906,
      "max_similarity": 0.42391398549079895
    },
    "invalid_noise": {
      "names": [
        "!!!",
        "???",
        "...",
        "---",
        "lol",
        "wtf",
        "idk",
        "123",
        "456",
        "aaa",
        "bbb",
        "xxx",
        "yyy"
      ],
      "max_similarities": [
        0.22736473381519318,
        0.19144080579280853,
        0.2081475406885147,
        0.2546677887439728,
        0.2552468776702881,
        0.3466533124446869,
        0.3406505584716797,
        0.4160701036453247,
        0.31780147552490234,
        0.3882572054862976,
        0.3799991011619568,
        0.3821353316307068,
        0.2698442339897156
      ],
      "mean_similarity": 0.30602148175239563,
      "min_similarity": 0.19144080579280853,
      "max_similarity": 0.4160701036453247
    }
  },
  "threshold_analysis": {
    "best_threshold": 0.3,
    "best_f1": 0.9365079365079364,
    "valid_mean": 0.674041286110878,
    "invalid_mean": NaN
  }
}