{
  "training_losses": [
    3.2190008516664856,
    2.953187924844247,
    2.9036840244575783,
    2.872398288161666,
    2.8422219223446317,
    2.7979115733393916,
    2.7416834124812373,
    2.677809158960978,
    2.605673242498327,
    2.5338712798224554,
    2.4562322475292064,
    2.3771559397379556,
    2.2933084258326777,
    2.2192633946736655,
    2.14785756888213,
    2.08078364972715,
    2.024118913544549,
    1.9645904655809756,
    1.9104339723233823,
    1.8577093504093312,
    1.8053558181833338,
    1.7595868640475802,
    1.725513948334588,
    1.6857302453782823,
    1.6485030165425054,
    1.6135015222761366,
    1.5829420884450276,
    1.5536095477916576,
    1.522737251387702,
    1.4925796058442857,
    1.4680624979513663,
    1.4510856204562717,
    1.4236861202451918,
    1.3999179425062958,
    1.377939365528248,
    1.365399303259673,
    1.3446757881729692,
    1.3187602007830586,
    1.2935852827849212,
    1.278917219903734,
    1.256188295505665,
    1.237305831026148,
    1.2226695749494765,
    1.2018295879717227,
    1.1900819451720626,
    1.171941430480392,
    1.1536816446869462,
    1.1474577188491821,
    1.1306484363697193,
    1.108186995541608
  ],
  "test_results": {
    "valid_descriptive": {
      "names": [
        "light blue",
        "dark green",
        "pale yellow",
        "bright red",
        "deep purple",
        "soft pink",
        "muted orange",
        "vivid cyan",
        "dusty rose",
        "pastel lavender",
        "neon green",
        "baby blue"
      ],
      "losses": [
        0.6691974401473999,
        0.5475893616676331,
        1.1535084247589111,
        0.5150104761123657,
        0.9246337413787842,
        0.9818111062049866,
        1.0085777044296265,
        1.0661346912384033,
        0.7210832238197327,
        1.1668072938919067,
        2.574657917022705,
        1.9569443464279175
      ],
      "mean_loss": 1.1071630716323853,
      "std_loss": 0.5734723210334778
    },
    "valid_metaphor": {
      "names": [
        "sky blue",
        "grass green",
        "lemon yellow",
        "cherry red",
        "forest green",
        "ocean blue",
        "sunset orange",
        "midnight blue",
        "rose pink",
        "chocolate brown",
        "cream white",
        "coal black"
      ],
      "losses": [
        1.199627161026001,
        1.1109439134597778,
        2.155210256576538,
        1.551207184791565,
        1.2813410758972168,
        1.860849380493164,
        1.770635724067688,
        1.5859709978103638,
        1.4939916133880615,
        2.216334581375122,
        2.4565064907073975,
        1.534924864768982
      ],
      "mean_loss": 1.6847953796386719,
      "std_loss": 0.4032858908176422
    },
    "valid_artistic": {
      "names": [
        "fedex purple",
        "tiffany blue",
        "klein blue",
        "barbie pink",
        "coke red",
        "starbucks green",
        "ikea blue",
        "ferrari red"
      ],
      "losses": [
        2.9577953815460205,
        4.998691082000732,
        2.7089638710021973,
        2.781522512435913,
        1.9554238319396973,
        4.2134552001953125,
        3.2388322353363037,
        3.390148162841797
      ],
      "mean_loss": 3.2806038856506348,
      "std_loss": 0.8854336738586426
    },
    "valid_compound": {
      "names": [
        "bluish green",
        "greenish blue",
        "reddish orange",
        "yellowish green",
        "blue green",
        "red orange",
        "yellow green",
        "blue violet",
        "purplish pink",
        "orangey red",
        "brownish yellow"
      ],
      "losses": [
        2.1832029819488525,
        0.933043897151947,
        2.5047109127044678,
        1.6585911512374878,
        0.8597651720046997,
        1.3101322650909424,
        1.3247092962265015,
        2.118750810623169,
        1.9638428688049316,
        1.385831356048584,
        1.3549715280532837
      ],
      "mean_loss": 1.599777340888977,
      "std_loss": 0.5065065026283264
    },
    "invalid_no_color": {
      "names": [
        "john",
        "hello",
        "computer",
        "table",
        "running",
        "happy",
        "asdfgh",
        "qwerty",
        "abcdef",
        "testing",
        "sample"
      ],
      "losses": [
        2.523555278778076,
        1.9642112255096436,
        2.1444153785705566,
        2.0611026287078857,
        1.98622727394104,
        4.093356132507324,
        5.6973443031311035,
        3.5877578258514404,
        4.144555568695068,
        3.2428038120269775,
        1.7431892156600952
      ],
      "mean_loss": 3.0171380043029785,
      "std_loss": 1.1947994232177734
    },
    "invalid_noise": {
      "names": [
        "!!!",
        "???",
        "...",
        "---",
        "lol",
        "wtf",
        "idk",
        "123",
        "456",
        "aaa",
        "bbb",
        "xxx",
        "yyy"
      ],
      "losses": [
        0.0,
        0.0,
        0.0,
        9.088321685791016,
        1.250831961631775,
        5.03225564956665,
        2.896674871444702,
        0.0,
        0.0,
        0.5667811036109924,
        2.16496205329895,
        10.047554969787598,
        1.7621690034866333
      ],
      "mean_loss": 2.5238118171691895,
      "std_loss": 3.329798698425293
    }
  },
  "threshold_analysis": {
    "best_threshold": 2.8999999999999995,
    "best_f1": 0.8925619834710743,
    "valid_mean": 2.139461991502278,
    "invalid_mean": NaN
  }
}