{
  "training_losses": [
    3.2367759633947304,
    2.956385850906372,
    2.881794117115162,
    2.8035742706722684,
    2.7331411132106074,
    2.675422094486378,
    2.602705054812961,
    2.5201716599641024,
    2.436712794833713,
    2.3576889038085938,
    2.286662401976409,
    2.2154954892617686,
    2.1532477802700467,
    2.0946248990518077,
    2.041199220551385,
    1.9911677837371826,
    1.9438276599954676,
    1.8948982954025269,
    1.848966819268686,
    1.8121575779385037,
    1.7746976702301591,
    1.7454471985499065,
    1.7061894204881456,
    1.6703774443379156,
    1.641927582246286,
    1.6140544723581385,
    1.5876388638107866,
    1.5618822927828189,
    1.5400059223175049,
    1.5139654918953225,
    1.4964752329720392,
    1.4735803250913266,
    1.4514557741306446,
    1.4334211349487305,
    1.4173514798835471,
    1.4073709028738517,
    1.3974939982096355,
    1.3759377223474007,
    1.354637243129589,
    1.3324391886040017,
    1.3166693669778329,
    1.3085925314161513,
    1.293167816268073,
    1.2859421085428309,
    1.268691932713544,
    1.2524215159592804,
    1.2386936655750982,
    1.226396640141805,
    1.2137037162427549,
    1.2029835912916396
  ],
  "test_results": {
    "valid_descriptive": {
      "names": [
        "light blue",
        "dark green",
        "pale yellow",
        "bright red",
        "deep purple",
        "soft pink",
        "muted orange",
        "vivid cyan",
        "dusty rose",
        "pastel lavender",
        "neon green",
        "baby blue"
      ],
      "losses": [
        0.8090301752090454,
        0.8423231840133667,
        1.6771531105041504,
        0.6901925802230835,
        0.8893812298774719,
        0.8390419483184814,
        1.0453612804412842,
        1.1633119583129883,
        1.0551965236663818,
        1.1529728174209595,
        2.2666513919830322,
        2.4703969955444336
      ],
      "mean_loss": 1.2417510747909546,
      "std_loss": 0.5608265995979309
    },
    "valid_metaphor": {
      "names": [
        "sky blue",
        "grass green",
        "lemon yellow",
        "cherry red",
        "forest green",
        "ocean blue",
        "sunset orange",
        "midnight blue",
        "rose pink",
        "chocolate brown",
        "cream white",
        "coal black"
      ],
      "losses": [
        1.589379072189331,
        1.3438574075698853,
        2.7734298706054688,
        1.8090934753417969,
        1.2633529901504517,
        1.9511550664901733,
        1.8968217372894287,
        1.6751291751861572,
        1.0890382528305054,
        2.2809038162231445,
        2.701850175857544,
        1.8848177194595337
      ],
      "mean_loss": 1.8549023866653442,
      "std_loss": 0.5047253966331482
    },
    "valid_artistic": {
      "names": [
        "fedex purple",
        "tiffany blue",
        "klein blue",
        "barbie pink",
        "coke red",
        "starbucks green",
        "ikea blue",
        "ferrari red"
      ],
      "losses": [
        3.596207857131958,
        4.562601566314697,
        2.5161900520324707,
        3.0928614139556885,
        2.9917335510253906,
        3.463531970977783,
        3.279087543487549,
        3.1765241622924805
      ],
      "mean_loss": 3.3348422050476074,
      "std_loss": 0.5553049445152283
    },
    "valid_compound": {
      "names": [
        "bluish green",
        "greenish blue",
        "reddish orange",
        "yellowish green",
        "blue green",
        "red orange",
        "yellow green",
        "blue violet",
        "purplish pink",
        "orangey red",
        "brownish yellow"
      ],
      "losses": [
        1.4481773376464844,
        1.0686695575714111,
        2.2260563373565674,
        1.1738665103912354,
        0.8556159138679504,
        1.3112947940826416,
        0.9659054279327393,
        1.691752314567566,
        1.4543588161468506,
        2.0349678993225098,
        1.5777392387390137
      ],
      "mean_loss": 1.437127709388733,
      "std_loss": 0.4096510410308838
    },
    "invalid_no_color": {
      "names": [
        "john",
        "hello",
        "computer",
        "table",
        "running",
        "happy",
        "asdfgh",
        "qwerty",
        "abcdef",
        "testing",
        "sample"
      ],
      "losses": [
        3.64658260345459,
        3.8978257179260254,
        3.034428358078003,
        2.225371837615967,
        2.683818817138672,
        2.605036497116089,
        5.353540420532227,
        3.132505416870117,
        3.7368710041046143,
        3.427154064178467,
        2.1448962688446045
      ],
      "mean_loss": 3.2625482082366943,
      "std_loss": 0.8705518841743469
    },
    "invalid_noise": {
      "names": [
        "!!!",
        "???",
        "...",
        "---",
        "lol",
        "wtf",
        "idk",
        "123",
        "456",
        "aaa",
        "bbb",
        "xxx",
        "yyy"
      ],
      "losses": [
        0.0,
        0.0,
        0.0,
        9.508670806884766,
        1.2580066919326782,
        5.205739974975586,
        7.259859561920166,
        0.0,
        0.0,
        0.7520413398742676,
        1.4185880422592163,
        8.785846710205078,
        1.6154011487960815
      ],
      "mean_loss": 2.7541656494140625,
      "std_loss": 3.459331750869751
    }
  },
  "threshold_analysis": {
    "best_threshold": 2.7999999999999994,
    "best_f1": 0.8448275862068965,
    "valid_mean": 2.258793574660572,
    "invalid_mean": NaN
  }
}