{
  "family": "beige",
  "original_samples": 277,
  "surface_samples_added": 0,
  "total_points": 32,
  "original_centroid": [
    1.7,
    2.94,
    6.15
  ],
  "augmented_centroid": [
    1.5159375,
    2.81875,
    6.1409375
  ],
  "centroid_shift": 0.2205962268772972,
  "vertices": [
    [
      3.36,
      2.06,
      5.22
    ],
    [
      3.17,
      2.99,
      5.02
    ],
    [
      2.03,
      2.05,
      7.21
    ],
    [
      1.23,
      1.25,
      5.51
    ],
    [
      1.38,
      1.44,
      4.72
    ],
    [
      2.95,
      3.24,
      6.71
    ],
    [
      1.34,
      1.66,
      4.07
    ],
    [
      1.84,
      2.31,
      3.65
    ],
    [
      3.54,
      4.54,
      5.64
    ],
    [
      3.34,
      4.5,
      6.55
    ],
    [
      2.27,
      3.11,
      7.89
    ],
    [
      3.02,
      4.91,
      6.02
    ],
    [
      2.09,
      3.48,
      4.42
    ],
    [
      2.71,
      4.78,
      5.51
    ],
    [
      1.0,
      1.81,
      3.86
    ],
    [
      0.7,
      1.28,
      6.99
    ],
    [
      1.09,
      2.13,
      3.79
    ],
    [
      1.59,
      3.5,
      4.76
    ],
    [
      2.09,
      4.7,
      5.8
    ],
    [
      1.89,
      4.91,
      7.01
    ],
    [
      0.52,
      1.42,
      7.86
    ],
    [
      1.54,
      4.27,
      8.02
    ],
    [
      0.55,
      1.57,
      7.95
    ],
    [
      0.79,
      2.95,
      8.27
    ],
    [
      1.0,
      4.2,
      6.14
    ],
    [
      0.33,
      1.44,
      6.08
    ],
    [
      0.25,
      1.3,
      7.61
    ],
    [
      0.36,
      3.23,
      7.92
    ],
    [
      0.33,
      3.29,
      5.71
    ],
    [
      0.12,
      1.92,
      6.47
    ],
    [
      0.07,
      2.34,
      6.67
    ],
    [
      0.02,
      1.62,
      7.46
    ]
  ],
  "faces": [
    [
      0,
      6,
      7
    ],
    [
      0,
      20,
      2
    ],
    [
      11,
      13,
      8
    ],
    [
      17,
      28,
      24
    ],
    [
      4,
      0,
      3
    ],
    [
      4,
      0,
      6
    ],
    [
      15,
      0,
      3
    ],
    [
      15,
      0,
      20
    ],
    [
      1,
      7,
      8
    ],
    [
      1,
      0,
      8
    ],
    [
      1,
      0,
      7
    ],
    [
      16,
      17,
      28
    ],
    [
      29,
      25,
      31
    ],
    [
      12,
      7,
      8
    ],
    [
      12,
      13,
      8
    ],
    [
      12,
      16,
      7
    ],
    [
      12,
      16,
      17
    ],
    [
      18,
      17,
      24
    ],
    [
      18,
      12,
      13
    ],
    [
      18,
      12,
      17
    ],
    [
      27,
      28,
      24
    ],
    [
      10,
      20,
      2
    ],
    [
      10,
      0,
      2
    ],
    [
      26,
      25,
      3
    ],
    [
      26,
      15,
      3
    ],
    [
      26,
      25,
      31
    ],
    [
      26,
      15,
      20
    ],
    [
      14,
      6,
      7
    ],
    [
      14,
      16,
      7
    ],
    [
      14,
      25,
      3
    ],
    [
      14,
      29,
      25
    ],
    [
      14,
      4,
      3
    ],
    [
      14,
      4,
      6
    ],
    [
      14,
      16,
      28
    ],
    [
      14,
      29,
      28
    ],
    [
      30,
      29,
      31
    ],
    [
      30,
      29,
      28
    ],
    [
      30,
      27,
      31
    ],
    [
      30,
      27,
      28
    ],
    [
      19,
      11,
      13
    ],
    [
      19,
      18,
      13
    ],
    [
      19,
      18,
      24
    ],
    [
      19,
      27,
      24
    ],
    [
      19,
      27,
      21
    ],
    [
      23,
      27,
      21
    ],
    [
      23,
      10,
      21
    ],
    [
      5,
      10,
      0
    ],
    [
      9,
      10,
      21
    ],
    [
      9,
      19,
      11
    ],
    [
      9,
      19,
      21
    ],
    [
      9,
      11,
      8
    ],
    [
      9,
      5,
      10
    ],
    [
      9,
      0,
      8
    ],
    [
      9,
      5,
      0
    ],
    [
      22,
      10,
      20
    ],
    [
      22,
      23,
      10
    ],
    [
      22,
      26,
      31
    ],
    [
      22,
      26,
      20
    ],
    [
      22,
      27,
      31
    ],
    [
      22,
      23,
      27
    ]
  ],
  "volume": 22.792954000000005,
  "surface_sources": [],
  "surface_colors": []
}