{
  "family": "fuchsia",
  "original_samples": 46,
  "surface_samples_added": 30,
  "total_points": 48,
  "original_centroid": [
    9.77,
    -3.33,
    4.09
  ],
  "augmented_centroid": [
    4.280172685889279,
    -1.4254383846648635,
    5.547083333333333
  ],
  "centroid_shift": 5.990713707534511,
  "vertices": [
    [
      8.96,
      -6.58,
      3.96
    ],
    [
      10.18,
      -7.03,
      4.1
    ],
    [
      9.96,
      -5.45,
      3.43
    ],
    [
      9.73,
      -4.33,
      3.22
    ],
    [
      11.91,
      -4.4,
      5.02
    ],
    [
      10.9,
      -3.9,
      3.44
    ],
    [
      12.04,
      -3.93,
      3.69
    ],
    [
      8.84,
      -2.4,
      3.2
    ],
    [
      13.14,
      -2.91,
      4.44
    ],
    [
      10.1,
      -1.61,
      3.15
    ],
    [
      13.46,
      -1.19,
      4.07
    ],
    [
      11.82,
      -0.45,
      3.47
    ],
    [
      12.5,
      -0.4,
      3.76
    ],
    [
      6.8,
      0.0,
      6.8
    ],
    [
      1.550012660523011,
      6.620986388161388,
      7.4
    ],
    [
      4.665683054829616,
      -6.12547154363448,
      6.9
    ],
    [
      -5.973002614830919,
      -1.6622995407636385,
      7.7
    ],
    [
      -2.91361920083314,
      -5.24507608643921,
      6.6
    ],
    [
      -2.889589332000355,
      7.24501714921295,
      6.2
    ],
    [
      0.8305261964465368,
      7.655078460539516,
      6.3
    ],
    [
      -0.11685985718980796,
      -5.998861873203748,
      6.6
    ],
    [
      -6.444435072309019,
      1.8328274874612307,
      5.8
    ],
    [
      -5.450617124026122,
      -3.5412953798395868,
      6.0
    ],
    [
      -5.700760476122572,
      5.469125158000935,
      5.1
    ],
    [
      7.4,
      0.0,
      6.6
    ],
    [
      3.6042044168582352,
      7.029915399313109,
      6.7
    ],
    [
      -5.917249531752775,
      -3.3505459225283816,
      7.1
    ],
    [
      -6.205317956583586,
      -4.031628586278914,
      6.7
    ],
    [
      -2.91361920083314,
      -5.24507608643921,
      6.7
    ],
    [
      2.3413702805353296,
      -6.490607460740937,
      7.2
    ],
    [
      5.026791016753001,
      -5.154742677757186,
      7.2
    ]
  ],
  "faces": [
    [
      35,
      22,
      32
    ],
    [
      33,
      35,
      32
    ],
    [
      16,
      35,
      26
    ],
    [
      25,
      35,
      26
    ],
    [
      25,
      35,
      22
    ],
    [
      40,
      16,
      26
    ],
    [
      9,
      16,
      15
    ],
    [
      9,
      11,
      15
    ],
    [
      20,
      25,
      22
    ],
    [
      20,
      40,
      18
    ],
    [
      20,
      25,
      26
    ],
    [
      20,
      40,
      26
    ],
    [
      17,
      16,
      15
    ],
    [
      17,
      40,
      15
    ],
    [
      17,
      40,
      16
    ],
    [
      38,
      11,
      15
    ],
    [
      38,
      40,
      15
    ],
    [
      38,
      40,
      18
    ],
    [
      42,
      45,
      22
    ],
    [
      43,
      42,
      45
    ],
    [
      43,
      33,
      32
    ],
    [
      43,
      22,
      32
    ],
    [
      43,
      42,
      22
    ],
    [
      1,
      9,
      11
    ],
    [
      7,
      38,
      18
    ],
    [
      7,
      38,
      11
    ],
    [
      7,
      1,
      11
    ],
    [
      13,
      16,
      35
    ],
    [
      13,
      10,
      35
    ],
    [
      13,
      9,
      16
    ],
    [
      3,
      33,
      35
    ],
    [
      3,
      10,
      35
    ],
    [
      3,
      13,
      10
    ],
    [
      46,
      20,
      18
    ],
    [
      46,
      7,
      18
    ],
    [
      46,
      45,
      22
    ],
    [
      46,
      20,
      22
    ],
    [
      28,
      1,
      45
    ],
    [
      2,
      33,
      0
    ],
    [
      2,
      3,
      33
    ],
    [
      2,
      1,
      0
    ],
    [
      2,
      1,
      9
    ],
    [
      2,
      3,
      9
    ],
    [
      8,
      13,
      9
    ],
    [
      8,
      3,
      9
    ],
    [
      8,
      3,
      13
    ],
    [
      21,
      7,
      1
    ],
    [
      21,
      46,
      7
    ],
    [
      21,
      1,
      45
    ],
    [
      21,
      46,
      45
    ],
    [
      44,
      43,
      45
    ],
    [
      44,
      28,
      45
    ],
    [
      24,
      44,
      28
    ],
    [
      24,
      1,
      0
    ],
    [
      24,
      28,
      1
    ],
    [
      24,
      33,
      0
    ],
    [
      24,
      43,
      33
    ],
    [
      24,
      44,
      43
    ]
  ],
  "volume": 451.6795770896307,
  "surface_sources": [
    "ncs_colors",
    "rhs_colors"
  ],
  "surface_colors": [
    {
      "name": "",
      "munsell": "10RP 6.8/6.8",
      "source": "ncs_colors"
    },
    {
      "name": "",
      "munsell": "3.8RP 6.9/6.1",
      "source": "ncs_colors"
    },
    {
      "name": "",
      "munsell": "7.8RP 7.4/6.8",
      "source": "ncs_colors"
    },
    {
      "name": "",
      "munsell": "1.2RP 6.9/7.7",
      "source": "ncs_colors"
    },
    {
      "name": "",
      "munsell": "4.4RP 7.7/6.2",
      "source": "ncs_colors"
    },
    {
      "name": "",
      "munsell": "9.3RP 6.5/6.3",
      "source": "ncs_colors"
    },
    {
      "name": "",
      "munsell": "3.1RP 6.6/6.0",
      "source": "ncs_colors"
    },
    {
      "name": "",
      "munsell": "6.8RP 6.2/7.8",
      "source": "ncs_colors"
    },
    {
      "name": "",
      "munsell": "7.6RP 6.3/7.7",
      "source": "ncs_colors"
    },
    {
      "name": "",
      "munsell": "1.1RP 6.5/6.9",
      "source": "ncs_colors"
    },
    {
      "name": "",
      "munsell": "2.3RP 6.6/6.0",
      "source": "ncs_colors"
    },
    {
      "name": "",
      "munsell": "4.1RP 6.5/6.8",
      "source": "ncs_colors"
    },
    {
      "name": "",
      "munsell": "8.8RP 5.8/6.0",
      "source": "ncs_colors"
    },
    {
      "name": "",
      "munsell": "9.9RP 6.1/7.7",
      "source": "ncs_colors"
    },
    {
      "name": "",
      "munsell": "5.3RP 5.8/6.7",
      "source": "ncs_colors"
    },
    {
      "name": "",
      "munsell": "3.9RP 6.0/6.5",
      "source": "ncs_colors"
    },
    {
      "name": "",
      "munsell": "5.8RP 6.0/6.2",
      "source": "ncs_colors"
    },
    {
      "name": "",
      "munsell": "6.1RP 5.1/7.9",
      "source": "rhs_colors"
    },
    {
      "name": "",
      "munsell": "10RP 6.4/7.4",
      "source": "rhs_colors"
    },
    {
      "name": "",
      "munsell": "9.7RP 6.5/6.1",
      "source": "rhs_colors"
    },
    {
      "name": "",
      "munsell": "10RP 6.6/7.4",
      "source": "rhs_colors"
    },
    {
      "name": "",
      "munsell": "9.7RP 6.5/6.1",
      "source": "rhs_colors"
    },
    {
      "name": "",
      "munsell": "8.2RP 6.7/7.9",
      "source": "rhs_colors"
    },
    {
      "name": "",
      "munsell": "8.7RP 6.5/6.6",
      "source": "rhs_colors"
    },
    {
      "name": "",
      "munsell": "4RP 7.1/6.8",
      "source": "rhs_colors"
    },
    {
      "name": "",
      "munsell": "3.9RP 6.7/7.4",
      "source": "rhs_colors"
    },
    {
      "name": "",
      "munsell": "3.1RP 6.7/6.0",
      "source": "rhs_colors"
    },
    {
      "name": "",
      "munsell": "1.7RP 7.2/6.9",
      "source": "rhs_colors"
    },
    {
      "name": "",
      "munsell": "1RP 7.2/7.2",
      "source": "rhs_colors"
    },
    {
      "name": "",
      "munsell": "1.5RP 7.2/6.7",
      "source": "rhs_colors"
    }
  ]
}