{
  "family": "gold",
  "original_samples": 362,
  "surface_samples_added": 43,
  "total_points": 90,
  "original_centroid": [
    2.36,
    6.96,
    6.39
  ],
  "augmented_centroid": [
    1.231142983056359,
    6.194814225940044,
    6.585888888888889
  ],
  "centroid_shift": 1.3777517520644835,
  "vertices": [
    [
      3.67,
      4.49,
      3.88
    ],
    [
      4.71,
      5.87,
      4.68
    ],
    [
      6.17,
      7.77,
      6.24
    ],
    [
      3.22,
      4.43,
      3.76
    ],
    [
      5.88,
      8.14,
      6.92
    ],
    [
      6.62,
      9.17,
      6.19
    ],
    [
      4.8,
      6.83,
      4.62
    ],
    [
      5.92,
      8.79,
      5.66
    ],
    [
      3.34,
      5.16,
      3.77
    ],
    [
      5.72,
      9.18,
      7.48
    ],
    [
      5.6,
      10.74,
      6.49
    ],
    [
      3.34,
      7.21,
      4.35
    ],
    [
      4.09,
      8.95,
      4.98
    ],
    [
      0.9,
      2.11,
      3.51
    ],
    [
      1.79,
      4.38,
      3.74
    ],
    [
      4.37,
      10.89,
      6.1
    ],
    [
      4.32,
      11.45,
      7.58
    ],
    [
      4.04,
      11.59,
      7.02
    ],
    [
      3.58,
      10.52,
      5.91
    ],
    [
      3.34,
      10.21,
      7.95
    ],
    [
      0.82,
      2.81,
      8.0
    ],
    [
      0.87,
      3.41,
      8.22
    ],
    [
      1.2,
      5.46,
      8.4
    ],
    [
      1.36,
      6.53,
      8.43
    ],
    [
      1.97,
      9.91,
      8.27
    ],
    [
      0.86,
      5.39,
      4.28
    ],
    [
      1.16,
      7.85,
      8.49
    ],
    [
      0.92,
      6.8,
      8.5
    ],
    [
      1.36,
      11.12,
      7.93
    ],
    [
      1.28,
      10.44,
      8.34
    ],
    [
      1.1,
      9.15,
      8.51
    ],
    [
      0.9,
      10.93,
      7.94
    ],
    [
      0.31,
      9.9,
      6.73
    ],
    [
      0.13,
      9.31,
      8.53
    ],
    [
      -0.05,
      9.94,
      7.47
    ],
    [
      -0.64,
      8.73,
      8.28
    ],
    [
      -3.033890265651332,
      4.345746179424897,
      7.4
    ],
    [
      -0.8916764507293169,
      5.629823541392285,
      8.0
    ],
    [
      -3.115261837150107,
      4.287790070187222,
      6.6
    ],
    [
      4.3459223127652535,
      3.688218980945832,
      5.8
    ],
    [
      -3.2628631158891688,
      4.673727023155078,
      5.8
    ],
    [
      3.929617538156525,
      3.250862347718317,
      5.4
    ],
    [
      -2.6193101201736635,
      4.836239706048061,
      5.5
    ],
    [
      4.2238077321221805,
      3.6768802322165564,
      5.9
    ]
  ],
  "faces": [
    [
      82,
      22,
      14
    ],
    [
      82,
      76,
      22
    ],
    [
      56,
      22,
      14
    ],
    [
      27,
      15,
      12
    ],
    [
      27,
      15,
      14
    ],
    [
      20,
      36,
      19
    ],
    [
      20,
      27,
      12
    ],
    [
      20,
      27,
      36
    ],
    [
      8,
      11,
      6
    ],
    [
      1,
      82,
      14
    ],
    [
      1,
      82,
      76
    ],
    [
      3,
      5,
      6
    ],
    [
      3,
      5,
      76
    ],
    [
      89,
      76,
      22
    ],
    [
      89,
      5,
      22
    ],
    [
      89,
      5,
      76
    ],
    [
      10,
      5,
      22
    ],
    [
      10,
      11,
      6
    ],
    [
      10,
      5,
      6
    ],
    [
      61,
      56,
      38
    ],
    [
      69,
      14,
      81
    ],
    [
      69,
      56,
      81
    ],
    [
      69,
      56,
      14
    ],
    [
      85,
      36,
      81
    ],
    [
      85,
      27,
      36
    ],
    [
      85,
      14,
      81
    ],
    [
      85,
      27,
      14
    ],
    [
      16,
      11,
      19
    ],
    [
      16,
      20,
      19
    ],
    [
      30,
      36,
      19
    ],
    [
      30,
      33,
      36
    ],
    [
      40,
      36,
      81
    ],
    [
      40,
      33,
      36
    ],
    [
      9,
      15,
      12
    ],
    [
      9,
      15,
      14
    ],
    [
      2,
      3,
      6
    ],
    [
      2,
      1,
      76
    ],
    [
      2,
      3,
      76
    ],
    [
      13,
      8,
      11
    ],
    [
      13,
      16,
      11
    ],
    [
      13,
      9,
      12
    ],
    [
      13,
      20,
      12
    ],
    [
      13,
      16,
      20
    ],
    [
      18,
      30,
      19
    ],
    [
      18,
      11,
      19
    ],
    [
      18,
      10,
      11
    ],
    [
      45,
      33,
      38
    ],
    [
      45,
      40,
      33
    ],
    [
      45,
      56,
      38
    ],
    [
      45,
      56,
      81
    ],
    [
      45,
      40,
      81
    ],
    [
      7,
      9,
      1
    ],
    [
      7,
      2,
      1
    ],
    [
      7,
      13,
      8
    ],
    [
      7,
      13,
      9
    ],
    [
      7,
      8,
      6
    ],
    [
      7,
      2,
      6
    ],
    [
      4,
      1,
      14
    ],
    [
      4,
      9,
      14
    ],
    [
      4,
      9,
      1
    ],
    [
      23,
      61,
      38
    ],
    [
      23,
      56,
      22
    ],
    [
      23,
      61,
      56
    ],
    [
      23,
      10,
      22
    ],
    [
      23,
      24,
      10
    ],
    [
      25,
      24,
      10
    ],
    [
      21,
      18,
      10
    ],
    [
      21,
      32,
      10
    ],
    [
      31,
      18,
      30
    ],
    [
      31,
      32,
      38
    ],
    [
      31,
      21,
      18
    ],
    [
      31,
      33,
      38
    ],
    [
      31,
      30,
      33
    ],
    [
      28,
      32,
      10
    ],
    [
      28,
      25,
      10
    ],
    [
      26,
      21,
      32
    ],
    [
      26,
      31,
      32
    ],
    [
      26,
      31,
      21
    ],
    [
      29,
      32,
      38
    ],
    [
      29,
      28,
      32
    ],
    [
      29,
      23,
      38
    ],
    [
      29,
      23,
      24
    ],
    [
      29,
      25,
      24
    ],
    [
      29,
      28,
      25
    ]
  ],
  "volume": 151.70170250801075,
  "surface_sources": [
    "ncs_colors",
    "rhs_colors"
  ],
  "surface_colors": [
    {
      "name": "",
      "munsell": "5Y 7.3/5.6",
      "source": "ncs_colors"
    },
    {
      "name": "",
      "munsell": "3.5Y 7.2/5.9",
      "source": "ncs_colors"
    },
    {
      "name": "",
      "munsell": "7.4Y 7.4/5.4",
      "source": "ncs_colors"
    },
    {
      "name": "",
      "munsell": "2.5Y 7.3/5.7",
      "source": "ncs_colors"
    },
    {
      "name": "",
      "munsell": "6.6Y 7.1/5.2",
      "source": "ncs_colors"
    },
    {
      "name": "",
      "munsell": "7.2Y 7.3/5.4",
      "source": "ncs_colors"
    },
    {
      "name": "",
      "munsell": "6.9Y 7.3/5.2",
      "source": "ncs_colors"
    },
    {
      "name": "",
      "munsell": "1.6Y 7.1/5.3",
      "source": "ncs_colors"
    },
    {
      "name": "",
      "munsell": "5Y 7.3/5.6",
      "source": "ncs_colors"
    },
    {
      "name": "",
      "munsell": "9.8Y 7.4/5.3",
      "source": "ncs_colors"
    },
    {
      "name": "",
      "munsell": "2.8Y 8.0/5.7",
      "source": "ncs_colors"
    },
    {
      "name": "",
      "munsell": "2.1Y 7.9/5.3",
      "source": "ncs_colors"
    },
    {
      "name": "",
      "munsell": "2.2Y 7.5/5.2",
      "source": "ncs_colors"
    },
    {
      "name": "",
      "munsell": "1.8Y 7.4/5.1",
      "source": "ncs_colors"
    },
    {
      "name": "",
      "munsell": "5Y 8.0/5.7",
      "source": "ncs_colors"
    },
    {
      "name": "",
      "munsell": "8.4Y 6.6/5.4",
      "source": "ncs_colors"
    },
    {
      "name": "",
      "munsell": "1.7Y 6.6/5.3",
      "source": "ncs_colors"
    },
    {
      "name": "",
      "munsell": "6.6Y 6.4/5.3",
      "source": "ncs_colors"
    },
    {
      "name": "",
      "munsell": "2.2Y 6.6/5.4",