{
  "family": "gray",
  "original_samples": 485,
  "surface_samples_added": 8,
  "total_points": 47,
  "original_centroid": [
    0.43,
    -0.33,
    5.25
  ],
  "augmented_centroid": [
    0.3436170212765957,
    -0.27893617021276595,
    4.796808510638297
  ],
  "centroid_shift": 0.4641681373764748,
  "vertices": [
    [
      2.44,
      0.49,
      4.78
    ],
    [
      2.05,
      0.57,
      4.29
    ],
    [
      2.04,
      1.37,
      5.78
    ],
    [
      1.02,
      0.76,
      3.12
    ],
    [
      1.63,
      1.39,
      7.11
    ],
    [
      1.81,
      1.67,
      6.08
    ],
    [
      0.87,
      2.49,
      5.38
    ],
    [
      0.5,
      1.86,
      8.52
    ],
    [
      0.72,
      3.13,
      7.32
    ],
    [
      0.08,
      1.0,
      2.26
    ],
    [
      -0.09,
      0.54,
      8.52
    ],
    [
      -0.58,
      1.58,
      7.11
    ],
    [
      -0.57,
      1.31,
      4.03
    ],
    [
      -0.38,
      0.66,
      8.36
    ],
    [
      -0.1,
      0.17,
      8.46
    ],
    [
      -0.38,
      0.62,
      8.36
    ],
    [
      -0.78,
      0.86,
      4.21
    ],
    [
      -0.94,
      0.94,
      5.39
    ],
    [
      -0.86,
      -0.93,
      7.07
    ],
    [
      -0.75,
      -0.95,
      3.77
    ],
    [
      -0.48,
      -1.2,
      7.75
    ],
    [
      -1.14,
      -3.01,
      5.49
    ],
    [
      -0.07,
      -0.64,
      8.01
    ],
    [
      -0.11,
      -3.85,
      5.21
    ],
    [
      -0.02,
      -2.29,
      6.69
    ],
    [
      0.03,
      -2.22,
      3.17
    ],
    [
      0.39,
      -3.08,
      3.77
    ],
    [
      0.66,
      -3.99,
      4.77
    ],
    [
      0.49,
      -2.76,
      6.16
    ],
    [
      0.86,
      -2.56,
      3.1
    ],
    [
      1.08,
      -2.89,
      3.47
    ],
    [
      2.12,
      -1.98,
      4.46
    ],
    [
      2.31,
      -0.78,
      5.27
    ],
    [
      0.0,
      0.0,
      1.0
    ]
  ],
  "faces": [
    [
      22,
      39,
      24
    ],
    [
      21,
      20,
      24
    ],
    [
      14,
      21,
      20
    ],
    [
      15,
      14,
      11
    ],
    [
      15,
      14,
      20
    ],
    [
      30,
      39,
      24
    ],
    [
      30,
      31,
      39
    ],
    [
      34,
      35,
      39
    ],
    [
      34,
      31,
      39
    ],
    [
      5,
      7,
      1
    ],
    [
      5,
      9,
      1
    ],
    [
      5,
      9,
      11
    ],
    [
      10,
      7,
      11
    ],
    [
      10,
      7,
      17
    ],
    [
      10,
      14,
      11
    ],
    [
      38,
      7,
      1
    ],
    [
      38,
      7,
      17
    ],
    [
      2,
      39,
      1
    ],
    [
      2,
      6,
      39
    ],
    [
      2,
      9,
      1
    ],
    [
      2,
      6,
      9
    ],
    [
      19,
      15,
      39
    ],
    [
      19,
      15,
      20
    ],
    [
      19,
      22,
      39
    ],
    [
      19,
      20,
      24
    ],
    [
      19,
      22,
      24
    ],
    [
      12,
      15,
      39
    ],
    [
      12,
      6,
      39
    ],
    [
      12,
      6,
      9
    ],
    [
      12,
      9,
      11
    ],
    [
      12,
      15,
      11
    ],
    [
      8,
      7,
      11
    ],
    [
      8,
      5,
      11
    ],
    [
      8,
      5,
      7
    ],
    [
      16,
      10,
      14
    ],
    [
      16,
      14,
      21
    ],
    [
      32,
      34,
      35
    ],
    [
      32,
      34,
      31
    ],
    [
      13,
      10,
      17
    ],
    [
      13,
      16,
      10
    ],
    [
      18,
      16,
      21
    ],
    [
      18,
      13,
      17
    ],
    [
      18,
      13,
      16
    ],
    [
      23,
      21,
      24
    ],
    [
      23,
      18,
      17
    ],
    [
      23,
      18,
      21
    ],
    [
      37,
      32,
      35
    ],
    [
      37,
      38,
      1
    ],
    [
      37,
      33,
      38
    ],
    [
      37,
      33,
      32
    ],
    [
      37,
      39,
      1
    ],
    [
      37,
      35,
      39
    ],
    [
      28,
      23,
      24
    ],
    [
      28,
      32,
      31
    ],
    [
      28,
      33,
      32
    ],
    [
      28,
      30,
      24
    ],
    [
      28,
      30,
      31
    ],
    [
      27,
      38,
      17
    ],
    [
      27,
      33,
      38
    ],
    [
      27,
      23,
      17
    ],
    [
      27,
      33,
      23
    ],
    [
      29,
      33,
      23
    ],
    [
      29,
      28,
      23
    ],
    [
      29,
      28,
      33
    ]
  ],
  "volume": 55.35588416666667,
  "surface_sources": [
    "ral_classic",
    "ncs_colors",
    "golden_acrylics"
  ],
  "surface_colors": [
    {
      "name": "Bone Black",
      "munsell": "N0 1.0/0.5",
      "source": "golden_acrylics"
    },
    {
      "name": "Carbon Black",
      "munsell": "N0 1.0/0.3",
      "source": "golden_acrylics"
    },
    {
      "name": "",
      "munsell": "N 6.7/0.0",
      "source": "ncs_colors"
    },
    {
      "name": "",
      "munsell": "N 1.0/0.0",
      "source": "ncs_colors"
    },
    {
      "name": "",
      "munsell": "N 4.6/0.0",
      "source": "ncs_colors"
    },
    {
      "name": "",
      "munsell": "N 1.3/0.0",
      "source": "ncs_colors"
    },
    {
      "name": "",
      "munsell": "N 2.0/0.0",
      "source": "ncs_colors"
    },
    {
      "name": "Signal grey",
      "munsell": "N 6.3/0.0",
      "source": "ral_classic"
    }
  ]
}