{
  "family": "lavender",
  "original_samples": 47,
  "surface_samples_added": 0,
  "total_points": 15,
  "original_centroid": [
    2.96,
    -3.77,
    5.37
  ],
  "augmented_centroid": [
    2.9080000000000004,
    -3.3013333333333335,
    5.502
  ],
  "centroid_shift": 0.48966972996545766,
  "vertices": [
    [
      0.69,
      -6.05,
      6.06
    ],
    [
      1.11,
      -4.63,
      6.08
    ],
    [
      0.94,
      -2.69,
      4.72
    ],
    [
      1.43,
      -3.66,
      3.69
    ],
    [
      3.16,
      -6.15,
      5.18
    ],
    [
      1.12,
      -2.17,
      3.58
    ],
    [
      5.36,
      -5.66,
      4.15
    ],
    [
      4.37,
      -3.94,
      7.1
    ],
    [
      5.38,
      -3.45,
      6.79
    ],
    [
      5.23,
      -3.31,
      6.29
    ],
    [
      2.47,
      -1.46,
      6.17
    ],
    [
      3.99,
      -2.1,
      5.29
    ],
    [
      2.65,
      -1.17,
      5.17
    ],
    [
      3.52,
      -1.51,
      6.85
    ]
  ],
  "faces": [
    [
      3,
      4,
      0
    ],
    [
      3,
      5,
      0
    ],
    [
      7,
      14,
      0
    ],
    [
      7,
      14,
      9
    ],
    [
      7,
      4,
      0
    ],
    [
      1,
      14,
      0
    ],
    [
      6,
      3,
      5
    ],
    [
      6,
      3,
      4
    ],
    [
      6,
      7,
      9
    ],
    [
      6,
      7,
      4
    ],
    [
      11,
      14,
      13
    ],
    [
      11,
      1,
      14
    ],
    [
      11,
      5,
      13
    ],
    [
      10,
      6,
      9
    ],
    [
      10,
      14,
      9
    ],
    [
      12,
      5,
      13
    ],
    [
      12,
      6,
      5
    ],
    [
      12,
      10,
      6
    ],
    [
      12,
      14,
      13
    ],
    [
      12,
      10,
      14
    ],
    [
      2,
      11,
      5
    ],
    [
      2,
      11,
      1
    ],
    [
      2,
      5,
      0
    ],
    [
      2,
      1,
      0
    ]
  ],
  "volume": 31.14501899999999,
  "surface_sources": [],
  "surface_colors": []
}