{
  "family": "magenta",
  "original_samples": 25,
  "surface_samples_added": 29,
  "total_points": 36,
  "original_centroid": [
    8.69,
    -3.55,
    3.37
  ],
  "augmented_centroid": [
    0.5321642336557394,
    -0.5042740145344863,
    5.2925
  ],
  "centroid_shift": 8.917552210062215,
  "vertices": [
    [
      8.79,
      -4.2,
      2.92
    ],
    [
      7.29,
      -2.97,
      2.45
    ],
    [
      10.35,
      -4.11,
      3.84
    ],
    [
      9.14,
      -3.35,
      3.09
    ],
    [
      9.47,
      -2.7,
      3.35
    ],
    [
      5.890957739310622,
      8.69175568649144,
      7.0
    ],
    [
      -3.5261560356740973,
      -7.258865173846331,
      7.7
    ],
    [
      5.089836059814127,
      -6.682332593055796,
      6.5
    ],
    [
      9.718185913549581,
      5.15333508998653,
      5.4
    ],
    [
      10.397800491184588,
      3.2704349780299165,
      5.4
    ],
    [
      7.461879803126788,
      11.009557202889159,
      5.3
    ],
    [
      2.4953820767366466,
      8.334450689223706,
      6.9
    ],
    [
      -3.566790159567358,
      13.538020828674089,
      5.3
    ],
    [
      -4.728061375553484,
      6.576886469219253,
      6.7
    ],
    [
      -10.085525568600001,
      7.552626960542643,
      5.3
    ],
    [
      -12.953800634912197,
      -1.9516785367852951,
      5.3
    ],
    [
      -11.907502024795528,
      -7.736368368264943,
      5.3
    ],
    [
      -9.141533399214694,
      -8.671353245661386,
      5.2
    ],
    [
      3.0918245899201606,
      -13.55177555544531,
      5.5
    ]
  ],
  "faces": [
    [
      31,
      2,
      30
    ],
    [
      31,
      8,
      30
    ],
    [
      31,
      8,
      34
    ],
    [
      10,
      8,
      34
    ],
    [
      10,
      3,
      20
    ],
    [
      10,
      3,
      34
    ],
    [
      27,
      8,
      30
    ],
    [
      7,
      10,
      20
    ],
    [
      7,
      10,
      8
    ],
    [
      33,
      2,
      34
    ],
    [
      33,
      31,
      34
    ],
    [
      33,
      31,
      2
    ],
    [
      1,
      2,
      34
    ],
    [
      1,
      3,
      34
    ],
    [
      6,
      24,
      20
    ],
    [
      6,
      3,
      20
    ],
    [
      26,
      24,
      2
    ],
    [
      26,
      7,
      24
    ],
    [
      11,
      24,
      20
    ],
    [
      11,
      7,
      20
    ],
    [
      11,
      7,
      24
    ],
    [
      25,
      27,
      8
    ],
    [
      25,
      7,
      8
    ],
    [
      25,
      26,
      27
    ],
    [
      25,
      26,
      7
    ],
    [
      5,
      1,
      3
    ],
    [
      5,
      6,
      3
    ],
    [
      5,
      1,
      2
    ],
    [
      5,
      24,
      2
    ],
    [
      5,
      6,
      24
    ],
    [
      28,
      27,
      30
    ],
    [
      28,
      26,
      27
    ],
    [
      28,
      2,
      30
    ],
    [
      28,
      26,
      2
    ]
  ],
  "volume": 977.0916590969194,
  "surface_sources": [
    "ncs_colors",
    "ral_classic",
    "golden_acrylics",
    "rhs_colors",
    "williamsburg_oils"
  ],
  "surface_colors": [
    {
      "name": "Light Magenta",
      "munsell": "8.4RP 7.0/10.5",
      "source": "golden_acrylics"
    },
    {
      "name": "Dianthus Pink",
      "munsell": "3.01RP 7.7/8.07",
      "source": "williamsburg_oils"
    },
    {
      "name": "",
      "munsell": "2.9RP 6.9/8.3",
      "source": "ncs_colors"
    },
    {
      "name": "",
      "munsell": "1.2RP 6.5/8.4",
      "source": "ncs_colors"
    },
    {
      "name": "",
      "munsell": "9.2RP 5.4/11.0",
      "source": "ncs_colors"
    },
    {
      "name": "",
      "munsell": "4.6RP 5.8/10.3",
      "source": "ncs_colors"
    },
    {
      "name": "",
      "munsell": "4.4RP 5.5/9.5",
      "source": "ncs_colors"
    },
    {
      "name": "",
      "munsell": "5.5RP 5.3/9.3",
      "source": "ncs_colors"
    },
    {
      "name": "",
      "munsell": "2.9RP 5.3/10.2",
      "source": "ncs_colors"
    },
    {
      "name": "",
      "munsell": "7.9RP 5.4/9.6",
      "source": "ncs_colors"
    },
    {
      "name": "",
      "munsell": "3.4RP 6.3/8.5",
      "source": "ncs_colors"
    },
    {
      "name": "Heather violet",
      "munsell": "5.4RP 5.3/9.5",
      "source": "ral_classic"
    },
    {
      "name": "",
      "munsell": "8.7RP 5.2/9.9",
      "source": "rhs_colors"
    },
    {
      "name": "",
      "munsell": "9.5RP 5.4/10.9",
      "source": "rhs_colors"
    },
    {
      "name": "",
      "munsell": "8.7RP 5.2/10.7",
      "source": "rhs_colors"
    },
    {
      "name": "",
      "munsell": "8.6RP 5.3/10.3",
      "source": "rhs_colors"
    },
    {
      "name": "",
      "munsell": "8.7RP 5.1/9.2",
      "source": "rhs_colors"
    },
    {
      "name": "",
      "munsell": "8.4RP 5.3/13.3",
      "source": "rhs_colors"
    },
    {
      "name": "",
      "munsell": "7.9RP 6.9/8.7",
      "source": "rhs_colors"
    },
    {
      "name": "",
      "munsell": "7RP 5.3/14.0",
      "source": "rhs_colors"
    },
    {
      "name": "",
      "munsell": "6.4RP 6.7/8.1",
      "source": "rhs_colors"
    },
    {
      "name": "",
      "munsell": "5.9RP 5.3/12.6",
      "source": "rhs_colors"
    },
    {
      "name": "",
      "munsell": "3.9RP 5.4/13.4",
      "source": "rhs_colors"
    },
    {
      "name": "",
      "munsell": "4.6RP 5.3/13.1",
      "source": "rhs_colors"
    },
    {
      "name": "",
      "munsell": "3.9RP 5.3/14.2",
      "source": "rhs_colors"
    },
    {
      "name": "",
      "munsell": "3RP 6.9/8.7",
      "source": "rhs_colors"
    },
    {
      "name": "",
      "munsell": "3.6RP 5.2/12.6",
      "source": "rhs_colors"
    },
    {
      "name": "",
      "munsell": "1.9RP 5.5/13.9",
      "source": "rhs_colors"
    },
    {
      "name": "",
      "munsell": "1.9RP 5.5/13.8",
      "source": "rhs_colors"
    }
  ]
}