{
  "family": "mauve",
  "original_samples": 181,
  "surface_samples_added": 61,
  "total_points": 105,
  "original_centroid": [
    3.28,
    -2.02,
    5.15
  ],
  "augmented_centroid": [
    0.9035013208521386,
    -0.42756685950700946,
    5.974095238095238
  ],
  "centroid_shift": 2.977032455379542,
  "vertices": [
    [
      1.51,
      0.99,
      3.26
    ],
    [
      1.49,
      -4.65,
      3.53
    ],
    [
      3.36,
      -5.86,
      3.38
    ],
    [
      3.51,
      -5.82,
      3.95
    ],
    [
      4.2,
      -5.69,
      4.78
    ],
    [
      2.17,
      -2.32,
      2.29
    ],
    [
      5.76,
      -5.4,
      4.25
    ],
    [
      6.62,
      -4.9,
      5.26
    ],
    [
      5.12,
      -3.16,
      3.27
    ],
    [
      7.26,
      -4.24,
      6.0
    ],
    [
      7.98,
      -4.43,
      5.27
    ],
    [
      7.12,
      -3.47,
      4.44
    ],
    [
      2.67,
      -1.24,
      2.42
    ],
    [
      7.15,
      -3.1,
      4.65
    ],
    [
      5.71,
      -1.66,
      7.2
    ],
    [
      3.75,
      -0.79,
      3.05
    ],
    [
      5.93,
      -0.9,
      6.85
    ],
    [
      1.1127072556093711,
      -1.6618912609777639,
      8.6
    ],
    [
      -3.711582381536885,
      0.8149578056960866,
      6.9
    ],
    [
      -2.1743734081404544,
      4.613252679181107,
      6.9
    ],
    [
      0.8410705633163146,
      4.928752408827489,
      6.9
    ],
    [
      3.791894904429123,
      3.8446759335169536,
      7.0
    ],
    [
      -2.4651252695783294,
      3.02211141510143,
      8.0
    ],
    [
      -3.3547470484503714,
      2.847046230905555,
      6.3
    ],
    [
      -0.7890468988504644,
      -5.544132483212722,
      5.8
    ],
    [
      2.6930092522562843,
      3.973374028110373,
      5.8
    ],
    [
      -0.8011335841843124,
      4.0209681645459465,
      5.7
    ],
    [
      5.323117849547948,
      2.038238543405562,
      5.2
    ],
    [
      -2.9817535409190983,
      0.8480246583775843,
      4.2
    ],
    [
      -2.668548788540068,
      2.2646958654930547,
      5.0
    ],
    [
      -1.2280564963969134,
      -1.3160080705137558,
      8.7
    ],
    [
      -3.0828400592675713,
      -0.8579610532973618,
      8.4
    ],
    [
      -3.8985097057018243,
      -0.10780572595495787,
      8.4
    ],
    [
      3.0896921443496557,
      3.1326989087915917,
      8.2
    ],
    [
      -1.898703412193988,
      2.057893425938988,
      8.6
    ],
    [
      -0.9132389796693353,
      1.6661316172537244,
      8.8
    ],
    [
      -0.4498933607470085,
      -5.581898956802761,
      5.4
    ],
    [
      -0.46002189398761184,
      3.368735646656183,
      8.2
    ],
    [
      -2.6785528188990844,
      -1.1114651575140664,
      4.4
    ],
    [
      -1.120991193006884,
      4.254806546154714,
      5.9
    ],
    [
      -2.98668589380924,
      0.2823249399555431,
      4.4
    ],
    [
      -3.77403478379202,
      -1.8430033778395314,
      6.9
    ],
    [
      5.725541068717916,
      1.4241416609398483,
      6.4
    ],
    [
      2.177968610878554,
      -5.0503913442452895,
      7.2
    ],
    [
      3.3326307534497257,
      -4.375336816881771,
      7.2
    ]
  ],
  "faces": [
    [
      94,
      82,
      27
    ],
    [
      94,
      97,
      74
    ],
    [
      33,
      21,
      27
    ],
    [
      101,
      80,
      35
    ],
    [
      52,
      88,
      51
    ],
    [
      52,
      101,
      88
    ],
    [
      52,
      101,
      80
    ],
    [
      39,
      44,
      88
    ],
    [
      104,
      39,
      44
    ],
    [
      93,
      88,
      51
    ],
    [
      47,
      93,
      51
    ],
    [
      90,
      44,
      88
    ],
    [
      90,
      93,
      88
    ],
    [
      90,
      93,
      89
    ],
    [
      90,
      85,
      44
    ],
    [
      90,
      89,
      87
    ],
    [
      90,
      85,
      87
    ],
    [
      76,
      1,
      80
    ],
    [
      76,
      52,
      51
    ],
    [
      76,
      52,
      80
    ],
    [
      37,
      33,
      27
    ],
    [
      37,
      82,
      27
    ],
    [
      37,
      1,
      82
    ],
    [
      15,
      21,
      27
    ],
    [
      15,
      94,
      27
    ],
    [
      96,
      97,
      82
    ],
    [
      96,
      94,
      82
    ],
    [
      96,
      94,
      97
    ],
    [
      22,
      21,
      74
    ],
    [
      22,
      23,
      74
    ],
    [
      22,
      23,
      21
    ],
    [
      41,
      101,
      88
    ],
    [
      41,
      39,
      88
    ],
    [
      41,
      101,
      35
    ],
    [
      86,
      85,
      87
    ],
    [
      86,
      97,
      87
    ],
    [
      86,
      97,
      74
    ],
    [
      103,
      85,
      44
    ],
    [
      103,
      104,
      44
    ],
    [
      103,
      86,
      74
    ],
    [
      103,
      86,
      85
    ],
    [
      103,
      23,
      74
    ],
    [
      103,
      30,
      23
    ],
    [
      95,
      47,
      51
    ],
    [
      95,
      76,
      51
    ],
    [
      54,
      93,
      89
    ],
    [
      54,
      47,
      93
    ],
    [
      54,
      89,
      87
    ],
    [
      54,
      47,
      87
    ],
    [
      64,
      47,
      87
    ],
    [
      40,
      1,
      80
    ],
    [
      40,
      37,
      1
    ],
    [
      40,
      37,
      33
    ],
    [
      40,
      36,
      80
    ],
    [
      40,
      36,
      33
    ],
    [
      92,
      94,
      74
    ],
    [
      92,
      15,
      94
    ],
    [
      92,
      21,
      74
    ],
    [
      92,
      15,
      21
    ],
    [
      38,
      80,
      35
    ],
    [
      38,
      36,
      35
    ],
    [
      38,
      36,
      80
    ],
    [
      28,
      33,
      21
    ],
    [
      28,
      36,
      33
    ],
    [
      28,
      36,
      35
    ],
    [
      28,
      30,
      35
    ],
    [
      28,
      23,
      21
    ],
    [
      28,
      30,
      23
    ],
    [
      34,
      30,
      35
    ],
    [
      34,
      103,
      30
    ],
    [
      34,
      103,
      104
    ],
    [
      34,
      104,
      39
    ],
    [
      34,
      41,
      35
    ],
    [
      34,
      41,
      39
    ],
    [
      83,
      95,
      47
    ],
    [
      83,
      64,
      82
    ],
    [
      83,
      64,
      47
    ],
    [
      83,
      1,
      82
    ],
    [
      83,
      95,
      1
    ],
    [
      78,
      76,
      1
    ],
    [
      78,
      95,
      1
    ],
    [
      78,
      95,
      76
    ],
    [
      46,
      97,
      87
    ],
    [
      46,
      64,
      87
    ],
    [
      46,
      97,
      82
    ],
    [
      46,
      64,
      82
    ]
  ],
  "volume": 321.40609337250163,
  "surface_sources": [
    "ral_classic",
    "ncs_colors",
    "golden_acrylics",
    "rhs_colors"
  ],
  "surface_colors": [
    {
      "name": "Titan Violet Pale",
      "munsell": "1.3RP 8.6/2.0",
      "source": "golden_acrylics"
    },
    {
      "name": "",
      "munsell": "1.6RP 7.3/1.9",
      "source": "ncs_colors"
    },
    {
      "name": "",
      "munsell": "5.2RP 6.9/3.8",
      "source": "ncs_colors"
    },
    {
      "name": "",
      "munsell": "6.7RP 6.9/5.1",
      "source": "ncs_colors"
    },
    {
      "name": "",
      "munsell": "5.9RP 6.8/3.2",
      "source": "ncs_colors"
    },
    {
      "name": "",
      "munsell": "4.1RP 6.8/3.5",
      "source": "ncs_colors"
    },
    {
      "name": "",
      "munsell": "6.5RP 7.1/2.9",
      "source": "ncs_colors"
    },
    {
      "name": "",
      "munsell": "7.7RP 6.9/5.0",
      "source": "ncs_colors"
    },
    {
      "name": "",
      "munsell": "8.7RP 7.0/5.4",
      "source": "ncs_colors"
    },
    {
      "name": "",
      "munsell": "6.4RP 7.5/3.6",