{
  "family": "navy",
  "original_samples": 100,
  "surface_samples_added": 0,
  "total_points": 24,
  "original_centroid": [
    0.51,
    -3.57,
    2.11
  ],
  "augmented_centroid": [
    0.44875,
    -2.983333333333333,
    1.9291666666666665
  ],
  "centroid_shift": 0.6169522142939617,
  "vertices": [
    [
      -0.16,
      -1.7,
      1.75
    ],
    [
      -0.15,
      -2.8,
      2.18
    ],
    [
      0.11,
      -3.9,
      2.41
    ],
    [
      0.16,
      -2.58,
      2.77
    ],
    [
      0.15,
      -1.93,
      1.47
    ],
    [
      0.12,
      -1.37,
      1.42
    ],
    [
      0.51,
      -5.51,
      2.17
    ],
    [
      0.14,
      -1.31,
      1.81
    ],
    [
      0.57,
      -4.95,
      1.61
    ],
    [
      0.78,
      -6.05,
      2.73
    ],
    [
      0.25,
      -1.72,
      1.39
    ],
    [
      1.07,
      -7.13,
      2.21
    ],
    [
      0.26,
      -1.58,
      1.41
    ],
    [
      0.66,
      -3.7,
      1.55
    ],
    [
      0.31,
      -1.54,
      1.43
    ],
    [
      1.07,
      -4.4,
      1.92
    ],
    [
      0.35,
      -1.32,
      1.56
    ],
    [
      0.77,
      -2.73,
      2.61
    ],
    [
      0.83,
      -2.74,
      1.77
    ],
    [
      0.39,
      -1.27,
      1.8
    ],
    [
      0.49,
      -1.59,
      2.01
    ],
    [
      0.9,
      -2.85,
      2.15
    ],
    [
      0.85,
      -2.13,
      2.0
    ]
  ],
  "faces": [
    [
      8,
      3,
      0
    ],
    [
      8,
      3,
      20
    ],
    [
      21,
      3,
      20
    ],
    [
      21,
      18,
      3
    ],
    [
      6,
      8,
      0
    ],
    [
      6,
      8,
      20
    ],
    [
      16,
      18,
      12
    ],
    [
      16,
      9,
      12
    ],
    [
      16,
      9,
      14
    ],
    [
      10,
      2,
      3
    ],
    [
      10,
      18,
      12
    ],
    [
      10,
      18,
      3
    ],
    [
      1,
      9,
      0
    ],
    [
      1,
      3,
      0
    ],
    [
      1,
      2,
      3
    ],
    [
      7,
      9,
      12
    ],
    [
      7,
      10,
      12
    ],
    [
      7,
      10,
      2
    ],
    [
      7,
      1,
      2
    ],
    [
      7,
      1,
      9
    ],
    [
      5,
      9,
      0
    ],
    [
      5,
      6,
      0
    ],
    [
      23,
      21,
      18
    ],
    [
      23,
      21,
      20
    ],
    [
      17,
      6,
      20
    ],
    [
      17,
      15,
      6
    ],
    [
      17,
      23,
      20
    ],
    [
      17,
      23,
      15
    ],
    [
      11,
      9,
      14
    ],
    [
      11,
      15,
      14
    ],
    [
      11,
      5,
      9
    ],
    [
      11,
      5,
      6
    ],
    [
      22,
      16,
      18
    ],
    [
      22,
      23,
      18
    ],
    [
      22,
      23,
      16
    ],
    [
      19,
      23,
      16
    ],
    [
      19,
      23,
      15
    ],
    [
      19,
      16,
      14
    ],
    [
      19,
      15,
      14
    ],
    [
      13,
      15,
      6
    ],
    [
      13,
      11,
      6
    ],
    [
      13,
      11,
      15
    ]
  ],
  "volume": 2.9213578333333334,
  "surface_sources": [],
  "surface_colors": []
}