{
  "family": "orange",
  "original_samples": 378,
  "surface_samples_added": 0,
  "total_points": 46,
  "original_centroid": [
    6.27,
    6.27,
    5.69
  ],
  "augmented_centroid": [
    7.312826086956521,
    7.305434782608696,
    6.0804347826086955
  ],
  "centroid_shift": 1.5205429149299499,
  "vertices": [
    [
      9.47,
      3.34,
      3.52
    ],
    [
      12.39,
      4.39,
      4.51
    ],
    [
      12.21,
      4.75,
      5.42
    ],
    [
      12.71,
      5.09,
      4.97
    ],
    [
      9.41,
      3.99,
      5.44
    ],
    [
      8.2,
      3.55,
      5.21
    ],
    [
      2.81,
      1.52,
      2.52
    ],
    [
      11.08,
      6.16,
      4.12
    ],
    [
      8.53,
      4.78,
      6.77
    ],
    [
      12.7,
      7.37,
      4.72
    ],
    [
      12.68,
      7.44,
      5.28
    ],
    [
      11.54,
      7.3,
      6.2
    ],
    [
      10.45,
      6.92,
      6.63
    ],
    [
      9.16,
      6.07,
      3.6
    ],
    [
      12.44,
      8.49,
      5.9
    ],
    [
      4.03,
      2.88,
      2.49
    ],
    [
      12.33,
      8.87,
      5.8
    ],
    [
      12.26,
      8.97,
      5.76
    ],
    [
      4.88,
      3.59,
      6.97
    ],
    [
      7.81,
      5.88,
      3.57
    ],
    [
      9.71,
      7.51,
      6.85
    ],
    [
      6.7,
      5.41,
      7.41
    ],
    [
      11.36,
      9.48,
      5.28
    ],
    [
      10.08,
      8.75,
      4.81
    ],
    [
      10.11,
      10.26,
      6.41
    ],
    [
      8.92,
      9.07,
      7.02
    ],
    [
      10.02,
      10.36,
      5.96
    ],
    [
      8.38,
      10.51,
      7.12
    ],
    [
      7.2,
      10.5,
      5.49
    ],
    [
      2.7,
      4.4,
      8.13
    ],
    [
      3.58,
      5.94,
      4.34
    ],
    [
      6.03,
      10.92,
      7.53
    ],
    [
      6.44,
      11.7,
      7.35
    ],
    [
      3.67,
      6.9,
      8.01
    ],
    [
      5.65,
      12.16,
      7.17
    ],
    [
      4.93,
      11.22,
      6.83
    ],
    [
      4.85,
      11.23,
      6.88
    ],
    [
      4.51,
      10.8,
      7.59
    ],
    [
      2.88,
      8.5,
      6.34
    ],
    [
      2.28,
      6.83,
      8.22
    ],
    [
      3.0,
      10.24,
      7.51
    ],
    [
      1.87,
      6.76,
      8.14
    ],
    [
      1.57,
      8.05,
      6.97
    ],
    [
      1.17,
      6.35,
      7.74
    ],
    [
      1.12,
      7.01,
      7.03
    ],
    [
      0.57,
      3.84,
      8.17
    ]
  ],
  "faces": [
    [
      18,
      6,
      45
    ],
    [
      44,
      6,
      45
    ],
    [
      44,
      42,
      6
    ],
    [
      30,
      42,
      6
    ],
    [
      43,
      40,
      42
    ],
    [
      43,
      44,
      42
    ],
    [
      43,
      44,
      45
    ],
    [
      15,
      30,
      6
    ],
    [
      36,
      40,
      34
    ],
    [
      5,
      18,
      6
    ],
    [
      2,
      8,
      12
    ],
    [
      2,
      11,
      12
    ],
    [
      2,
      1,
      3
    ],
    [
      2,
      8,
      18
    ],
    [
      2,
      5,
      1
    ],
    [
      29,
      18,
      45
    ],
    [
      29,
      8,
      18
    ],
    [
      29,
      39,
      45
    ],
    [
      41,
      39,
      40
    ],
    [
      41,
      43,
      40
    ],
    [
      41,
      39,
      45
    ],
    [
      41,
      43,
      45
    ],
    [
      19,
      15,
      13
    ],
    [
      35,
      36,
      34
    ],
    [
      35,
      36,
      30
    ],
    [
      38,
      30,
      42
    ],
    [
      38,
      36,
      30
    ],
    [
      38,
      40,
      42
    ],
    [
      38,
      36,
      40
    ],
    [
      37,
      39,
      40
    ],
    [
      37,
      31,
      39
    ],
    [
      37,
      40,
      34
    ],
    [
      26,
      22,
      17
    ],
    [
      9,
      22,
      13
    ],
    [
      9,
      22,
      17
    ],
    [
      9,
      1,
      3
    ],
    [
      0,
      5,
      6
    ],
    [
      0,
      5,
      1
    ],
    [
      0,
      15,
      6
    ],
    [
      0,
      15,
      13
    ],
    [
      4,
      5,
      18
    ],
    [
      4,
      2,
      18
    ],
    [
      4,
      2,
      5
    ],
    [
      21,
      8,
      12
    ],
    [
      21,
      29,
      8
    ],
    [
      23,
      22,
      13
    ],
    [
      28,
      15,
      30
    ],
    [
      28,
      35,
      30
    ],
    [
      28,
      35,
      34
    ],
    [
      28,
      19,
      15
    ],
    [
      28,
      23,
      22
    ],
    [
      28,
      19,
      13
    ],
    [
      28,
      23,
      13
    ],
    [
      28,
      26,
      34
    ],
    [
      28,
      26,
      22
    ],
    [
      14,
      11,
      12
    ],
    [
      14,
      2,
      11
    ],
    [
      14,
      2,
      3
    ],
    [
      32,
      27,
      31
    ],
    [
      32,
      37,
      34
    ],
    [
      32,
      37,
      31
    ],
    [
      7,
      9,
      1
    ],
    [
      7,
      0,
      1
    ],
    [
      7,
      9,
      13
    ],
    [
      7,
      0,
      13
    ],
    [
      20,
      21,
      12
    ],
    [
      20,
      14,
      12
    ],
    [
      20,
      14,
      27
    ],
    [
      33,
      31,
      39
    ],
    [
      33,
      27,
      31
    ],
    [
      33,
      29,
      39
    ],
    [
      33,
      21,
      29
    ],
    [
      16,
      9,
      17
    ],
    [
      16,
      14,
      9
    ],
    [
      10,
      9,
      3
    ],
    [
      10,
      14,
      3
    ],
    [
      10,
      14,
      9
    ],
    [
      24,
      26,
      17
    ],
    [
      24,
      32,
      27
    ],
    [
      24,
      26,
      34
    ],
    [
      24,
      32,
      34
    ],
    [
      24,
      16,
      17
    ],
    [
      24,
      14,
      27
    ],
    [
      24,
      16,
      14
    ],
    [
      25,
      20,
      21
    ],
    [
      25,
      33,
      21
    ],
    [
      25,
      20,
      27
    ],
    [
      25,
      33,
      27
    ]
  ],
  "volume": 206.8851113333335,
  "surface_sources": [],
  "surface_colors": []
}