{
  "family": "peach",
  "original_samples": 102,
  "surface_samples_added": 64,
  "total_points": 92,
  "original_centroid": [
    4.04,
    4.24,
    7.03
  ],
  "augmented_centroid": [
    3.078218944448177,
    4.487262673314484,
    7.210869565217391
  ],
  "centroid_shift": 1.0093935942212688,
  "vertices": [
    [
      5.48,
      2.97,
      6.04
    ],
    [
      4.64,
      2.58,
      6.54
    ],
    [
      7.96,
      4.46,
      6.89
    ],
    [
      7.51,
      4.32,
      6.13
    ],
    [
      4.91,
      3.04,
      7.4
    ],
    [
      4.54,
      3.0,
      7.73
    ],
    [
      6.09,
      4.18,
      7.84
    ],
    [
      4.4,
      3.06,
      7.9
    ],
    [
      6.74,
      5.22,
      6.45
    ],
    [
      6.56,
      5.37,
      7.34
    ],
    [
      4.19,
      4.02,
      5.0
    ],
    [
      5.48,
      5.43,
      7.72
    ],
    [
      1.52,
      2.24,
      7.99
    ],
    [
      1.77,
      2.62,
      8.59
    ],
    [
      2.23,
      3.48,
      6.27
    ],
    [
      3.36,
      5.7,
      6.1
    ],
    [
      3.68,
      6.57,
      7.67
    ],
    [
      1.35,
      2.61,
      8.33
    ],
    [
      1.04,
      2.72,
      7.62
    ],
    [
      3.7457278513891477,
      3.889668734394697,
      8.4
    ],
    [
      1.8269218140007684,
      5.5047576409437085,
      7.1
    ],
    [
      1.575986671312232,
      4.850388233105282,
      7.4
    ],
    [
      1.7613968679372005,
      5.421022142882375,
      8.1
    ],
    [
      1.7304951684997056,
      5.325916491252859,
      6.7
    ],
    [
      1.6068883707497268,
      4.945493884734798,
      6.5
    ],
    [
      1.6686917696247163,
      5.135705187993829,
      6.2
    ],
    [
      1.7304951684997056,
      5.325916491252859,
      8.6
    ],
    [
      1.575986671312232,
      4.850388233105282,
      8.6
    ],
    [
      1.7613968679372005,
      5.421022142882375,
      7.1
    ],
    [
      1.9959065207942042,
      5.232242077757027,
      6.1
    ]
  ],
  "faces": [
    [
      15,
      73,
      25
    ],
    [
      15,
      73,
      10
    ],
    [
      17,
      8,
      18
    ],
    [
      17,
      8,
      10
    ],
    [
      1,
      15,
      10
    ],
    [
      69,
      73,
      25
    ],
    [
      69,
      45,
      25
    ],
    [
      43,
      73,
      18
    ],
    [
      90,
      73,
      10
    ],
    [
      90,
      17,
      10
    ],
    [
      90,
      73,
      18
    ],
    [
      90,
      17,
      18
    ],
    [
      9,
      6,
      2
    ],
    [
      9,
      8,
      2
    ],
    [
      9,
      8,
      18
    ],
    [
      0,
      1,
      2
    ],
    [
      0,
      1,
      10
    ],
    [
      13,
      19,
      14
    ],
    [
      13,
      5,
      14
    ],
    [
      13,
      5,
      1
    ],
    [
      13,
      19,
      25
    ],
    [
      13,
      15,
      25
    ],
    [
      13,
      1,
      15
    ],
    [
      11,
      9,
      18
    ],
    [
      11,
      9,
      6
    ],
    [
      80,
      11,
      6
    ],
    [
      80,
      11,
      18
    ],
    [
      3,
      0,
      2
    ],
    [
      3,
      0,
      10
    ],
    [
      3,
      8,
      2
    ],
    [
      3,
      8,
      10
    ],
    [
      7,
      6,
      2
    ],
    [
      7,
      5,
      2
    ],
    [
      7,
      6,
      14
    ],
    [
      7,
      5,
      14
    ],
    [
      4,
      1,
      2
    ],
    [
      4,
      5,
      2
    ],
    [
      4,
      5,
      1
    ],
    [
      28,
      6,
      14
    ],
    [
      28,
      80,
      14
    ],
    [
      28,
      80,
      6
    ],
    [
      82,
      19,
      14
    ],
    [
      82,
      80,
      14
    ],
    [
      82,
      19,
      25
    ],
    [
      49,
      43,
      18
    ],
    [
      49,
      80,
      18
    ],
    [
      87,
      49,
      43
    ],
    [
      62,
      43,
      73
    ],
    [
      62,
      87,
      43
    ],
    [
      82,
      45,
      25
    ],
    [
      62,
      69,
      45
    ],
    [
      62,
      69,
      73
    ],
    [
      62,
      82,
      80
    ],
    [
      62,
      82,
      45
    ],
    [
      62,
      49,
      80
    ],
    [
      62,
      87,
      49
    ]
  ],
  "volume": 33.59104388115031,
  "surface_sources": [
    "ncs_colors",
    "golden_acrylics"
  ],
  "surface_colors": [
    {
      "name": "Light Orange",
      "munsell": "2.8YR 8.4/5.4",
      "source": "golden_acrylics"
    },
    {
      "name": "",
      "munsell": "7.1YR 6.8/5.8",
      "source": "ncs_colors"
    },
    {
      "name": "",
      "munsell": "7.9YR 7.0/5.8",
      "source": "ncs_colors"
    },
    {
      "name": "",
      "munsell": "10YR 6.9/5.5",
      "source": "ncs_colors"
    },
    {
      "name": "",
      "munsell": "5.5YR 7.1/5.9",
      "source": "ncs_colors"
    },
    {
      "name": "",
      "munsell": "1.4YR 7.2/5.4",
      "source": "ncs_colors"
    },
    {
      "name": "",
      "munsell": "10YR 6.8/5.6",
      "source": "ncs_colors"
    },
    {
      "name": "",
      "munsell": "3.4YR 7.0/5.5",
      "source": "ncs_colors"
    },
    {
      "name": "",
      "munsell": "5.2YR 6.9/5.4",
      "source": "ncs_colors"
    },
    {
      "name": "",
      "munsell": "9.9YR 7.0/5.3",
      "source": "ncs_colors"
    },
    {
      "name": "",
      "munsell": "6.4YR 7.2/5.7",
      "source": "ncs_colors"
    },
    {
      "name": "",
      "munsell": "8.2YR 7.1/5.8",
      "source": "ncs_colors"
    },
    {
      "name": "",
      "munsell": "2.3YR 7.3/5.4",
      "source": "ncs_colors"
    },
    {
      "name": "",
      "munsell": "1.1YR 6.9/5.8",
      "source": "ncs_colors"
    },
    {
      "name": "",
      "munsell": "9.3YR 7.1/5.7",
      "source": "ncs_colors"
    },
    {
      "name": "",
      "munsell": "9.9YR 7.1/5.8",
      "source": "ncs_colors"
    },
    {
      "name": "",
      "munsell": "10YR 7.2/5.2",
      "source": "ncs_colors"
    },
    {
      "name": "",
      "munsell": "10YR 7.4/5.1",
      "source": "ncs_colors"
    },
    {
      "name": "",
      "munsell": "3YR 8.0/5.5",
      "source": "ncs_colors"
    },
    {
      "name": "",
      "munsell": "3YR 7.5/5.6",
      "source": "ncs_colors"
    },
    {
      "name": "",
      "munsell": "1.5YR 8.1/5.4",
      "source": "ncs_colors"
    },
    {
      "name": "",
      "munsell": "10YR 8.1/5.7",
      "source": "ncs_colors"
    },
    {
      "name": "",
      "munsell": "5.9YR 7.9/5.7",
      "source": "ncs_colors"
    },
    {
      "name": "",
      "munsell": "1.5YR 8.0/5.4",
      "source": "ncs_colors"
    },
    {
      "name": "",
      "munsell": "5.3YR 7.7/5.3",
      "source": "ncs_colors"
    },
    {
      "name": "",
      "munsell": "6.1YR 8.0/5.7",
      "source": "ncs_colors"
    },
    {
      "name": "",
      "munsell": "10YR 8.0/5.1",
      "source": "ncs_colors"
    },
    {
      "name": "",
      "munsell": "10YR 7.8/5.2",
      "source": "ncs_colors"
    },
    {
      "name": "",
      "munsell": "4.2YR 7.4/5.8",
      "source": "ncs_colors"
    },
    {
      "name": "",
      "munsell": "5YR 7.8/5.9",
      "source": "ncs_colors"
    },
    {
      "name": "",
      "munsell": "9.3YR 8.0/5.9",
      "source": "ncs_colors"
    },
    {
      "name": "",
      "munsell": "1.3YR 8.0/5.4",
      "source": "ncs_colors"
    },
    {
      "name": "",
      "munsell": "9.3YR 6.2/5.6",
      "source": "ncs_colors"
    },
    {
      "name": "",
      "munsell": "5.3YR 6.3/5.9",
      "source": "ncs_colors"
    },
    {
      "name": "",
      "munsell": "10YR 6.7/5.6",
      "source": "ncs_colors"
    },
    {
      "name": "",
      "munsell": "1.8YR 6.5/5.6",
      "source": "ncs_colors"
    },
    {
      "name": "",
      "munsell": "3.5YR 6.6/5.4",
      "source": "ncs_colors"
    },
    {
      "name": "",