{
  "family": "pink",
  "original_samples": 594,
  "surface_samples_added": 0,
  "total_points": 55,
  "original_centroid": [
    7.87,
    0.35,
    5.76
  ],
  "augmented_centroid": [
    7.222363636363637,
    0.3350909090909091,
    6.0707272727272725
  ],
  "centroid_shift": 0.7184751759889801,
  "vertices": [
    [
      13.5,
      0.29,
      3.8
    ],
    [
      14.17,
      1.67,
      5.07
    ],
    [
      6.94,
      0.92,
      3.19
    ],
    [
      3.6,
      0.52,
      8.81
    ],
    [
      13.66,
      2.39,
      4.65
    ],
    [
      4.91,
      1.11,
      3.73
    ],
    [
      5.61,
      1.42,
      8.36
    ],
    [
      11.44,
      3.16,
      6.19
    ],
    [
      4.36,
      1.3,
      4.02
    ],
    [
      5.79,
      1.8,
      8.28
    ],
    [
      12.78,
      4.04,
      5.55
    ],
    [
      12.37,
      4.24,
      5.57
    ],
    [
      12.04,
      4.85,
      3.51
    ],
    [
      3.65,
      1.6,
      4.49
    ],
    [
      7.8,
      5.17,
      6.9
    ],
    [
      3.37,
      2.28,
      4.96
    ],
    [
      7.73,
      5.49,
      6.25
    ],
    [
      2.03,
      1.91,
      8.82
    ],
    [
      3.62,
      3.49,
      5.67
    ],
    [
      1.73,
      2.48,
      8.74
    ],
    [
      0.82,
      1.22,
      6.42
    ],
    [
      2.11,
      3.26,
      8.43
    ],
    [
      2.37,
      3.76,
      7.72
    ],
    [
      0.97,
      1.96,
      6.18
    ],
    [
      1.81,
      3.78,
      6.67
    ],
    [
      1.4,
      3.35,
      7.99
    ],
    [
      1.15,
      3.14,
      8.34
    ],
    [
      0.56,
      1.65,
      7.96
    ],
    [
      0.64,
      1.97,
      8.74
    ],
    [
      0.42,
      2.16,
      8.52
    ],
    [
      7.62,
      -5.03,
      6.06
    ],
    [
      6.74,
      -4.12,
      4.79
    ],
    [
      8.04,
      -4.57,
      4.19
    ],
    [
      2.26,
      -1.27,
      6.79
    ],
    [
      7.09,
      -3.88,
      6.9
    ],
    [
      2.82,
      -1.41,
      7.9
    ],
    [
      10.86,
      -4.74,
      6.06
    ],
    [
      10.61,
      -4.12,
      4.26
    ],
    [
      7.67,
      -2.91,
      3.81
    ],
    [
      12.24,
      -4.53,
      4.83
    ],
    [
      12.64,
      -4.42,
      6.0
    ],
    [
      5.27,
      -1.74,
      8.08
    ],
    [
      11.76,
      -2.54,
      3.71
    ],
    [
      5.62,
      -1.16,
      3.95
    ],
    [
      13.81,
      -2.53,
      6.21
    ],
    [
      6.12,
      -1.1,
      8.37
    ],
    [
      13.84,
      -2.44,
      4.0
    ],
    [
      4.34,
      -0.76,
      8.41
    ],
    [
      9.13,
      -0.83,
      7.68
    ],
    [
      14.52,
      -1.21,
      4.58
    ],
    [
      13.32,
      -0.93,
      3.74
    ],
    [
      15.07,
      -0.88,
      5.46
    ],
    [
      3.41,
      -0.15,
      4.69
    ],
    [
      14.37,
      -0.55,
      4.15
    ],
    [
      14.71,
      -0.13,
      5.74
    ]
  ],
  "faces": [
    [
      40,
      46,
      51
    ],
    [
      50,
      12,
      2
    ],
    [
      50,
      53,
      46
    ],
    [
      16,
      24,
      12
    ],
    [
      23,
      24,
      29
    ],
    [
      23,
      15,
      24
    ],
    [
      44,
      40,
      51
    ],
    [
      44,
      40,
      45
    ],
    [
      34,
      41,
      45
    ],
    [
      34,
      35,
      30
    ],
    [
      34,
      41,
      35
    ],
    [
      43,
      32,
      52
    ],
    [
      42,
      50,
      2
    ],
    [
      42,
      50,
      46
    ],
    [
      33,
      35,
      30
    ],
    [
      39,
      40,
      46
    ],
    [
      39,
      32,
      30
    ],
    [
      49,
      46,
      51
    ],
    [
      49,
      53,
      51
    ],
    [
      49,
      53,
      46
    ],
    [
      0,
      53,
      12
    ],
    [
      0,
      50,
      12
    ],
    [
      0,
      50,
      53
    ],
    [
      1,
      10,
      12
    ],
    [
      1,
      53,
      51
    ],
    [
      13,
      23,
      15
    ],
    [
      18,
      24,
      12
    ],
    [
      18,
      15,
      12
    ],
    [
      18,
      15,
      24
    ],
    [
      11,
      10,
      14
    ],
    [
      11,
      16,
      14
    ],
    [
      11,
      10,
      12
    ],
    [
      11,
      16,
      12
    ],
    [
      22,
      25,
      24
    ],
    [
      22,
      16,
      24
    ],
    [
      22,
      16,
      14
    ],
    [
      22,
      21,
      14
    ],
    [
      47,
      41,
      35
    ],
    [
      47,
      41,
      45
    ],
    [
      36,
      40,
      45
    ],
    [
      36,
      34,
      45
    ],
    [
      36,
      34,
      30
    ],
    [
      36,
      39,
      30
    ],
    [
      36,
      39,
      40
    ],
    [
      38,
      43,
      2
    ],
    [
      38,
      43,
      32
    ],
    [
      38,
      42,
      2
    ],
    [
      38,
      42,
      32
    ],
    [
      31,
      32,
      52
    ],
    [
      31,
      33,
      52
    ],
    [
      31,
      32,
      30
    ],
    [
      31,
      33,
      30
    ],
    [
      20,
      23,
      52
    ],
    [
      20,
      33,
      52
    ],
    [
      20,
      23,
      29
    ],
    [
      37,
      42,
      46
    ],
    [
      37,
      39,
      46
    ],
    [
      37,
      42,
      32
    ],
    [
      37,
      39,
      32
    ],
    [
      4,
      53,
      12
    ],
    [
      4,
      1,
      12
    ],
    [
      4,
      1,
      53
    ],
    [
      7,
      10,
      14
    ],
    [
      7,
      9,
      14
    ],
    [
      3,
      9,
      17
    ],
    [
      3,
      47,
      45
    ],
    [
      3,
      47,
      35
    ],
    [
      6,
      3,
      45
    ],
    [
      6,
      3,
      9
    ],
    [
      5,
      43,
      2
    ],
    [
      5,
      43,
      52
    ],
    [
      5,
      12,
      2
    ],
    [
      19,
      9,
      14
    ],
    [
      19,
      21,
      14
    ],
    [
      19,
      9,
      17
    ],
    [
      26,
      22,
      25
    ],
    [
      26,
      22,
      21
    ],
    [
      26,
      24,
      29
    ],
    [
      26,
      25,
      24
    ],
    [
      26,
      19,
      21
    ],
    [
      27,
      20,
      29
    ],
    [
      27,
      20,
      33
    ],
    [
      54,
      7,
      9
    ],
    [
      54,
      7,
      10
    ],
    [
      54,
      44,
      51
    ],
    [
      54,
      1,
      51
    ],
    [
      54,
      1,
      10
    ],
    [
      28,
      3,
      35
    ],
    [
      28,
      27,
      29
    ],
    [
      28,
      3,
      17
    ],
    [
      28,
      33,
      35
    ],
    [
      28,
      27,
      33
    ],
    [
      28,
      19,
      17
    ],
    [
      28,
      26,
      29
    ],
    [
      28,
      26,
      19
    ],
    [
      8,
      5,
      52
    ],
    [
      8,
      23,
      52
    ],
    [
      8,
      13,
      23
    ],
    [
      8,
      13,
      15
    ],
    [
      8,
      15,
      12
    ],
    [
      8,
      5,
      12
    ],
    [
      48,
      54,
      44
    ],
    [
      48,
      54,
      9
    ],
    [
      48,
      6,
      9
    ],
    [
      48,
      44,
      45
    ],
    [
      48,
      6,
      45
    ]
  ],
  "volume": 324.1799581666666,
  "surface_sources": [],
  "surface_colors": []
}