{
  "family": "purple",
  "original_samples": 226,
  "surface_samples_added": 0,
  "total_points": 45,
  "original_centroid": [
    4.36,
    -4.75,
    3.53
  ],
  "augmented_centroid": [
    3.6046666666666667,
    -5.420444444444444,
    2.98
  ],
  "centroid_shift": 1.1500105206174696,
  "vertices": [
    [
      2.65,
      0.26,
      1.89
    ],
    [
      3.88,
      0.59,
      2.95
    ],
    [
      1.2,
      -7.76,
      3.14
    ],
    [
      1.16,
      -7.24,
      2.75
    ],
    [
      1.38,
      -8.41,
      3.46
    ],
    [
      1.05,
      -6.38,
      2.5
    ],
    [
      0.96,
      -5.54,
      3.17
    ],
    [
      1.14,
      -5.72,
      4.0
    ],
    [
      0.74,
      -3.05,
      3.58
    ],
    [
      2.25,
      -8.95,
      2.91
    ],
    [
      1.44,
      -5.3,
      4.45
    ],
    [
      1.09,
      -3.84,
      1.89
    ],
    [
      2.16,
      -6.74,
      1.88
    ],
    [
      2.63,
      -8.17,
      4.34
    ],
    [
      1.87,
      -5.71,
      1.7
    ],
    [
      0.86,
      -2.56,
      3.1
    ],
    [
      1.6,
      -4.67,
      4.79
    ],
    [
      2.4,
      -6.53,
      1.72
    ],
    [
      3.57,
      -9.5,
      2.78
    ],
    [
      3.45,
      -8.83,
      2.32
    ],
    [
      3.88,
      -9.57,
      2.51
    ],
    [
      3.44,
      -7.84,
      1.98
    ],
    [
      4.38,
      -8.79,
      2.39
    ],
    [
      5.17,
      -9.69,
      3.08
    ],
    [
      4.55,
      -7.96,
      4.49
    ],
    [
      4.42,
      -6.81,
      2.0
    ],
    [
      3.45,
      -5.3,
      1.7
    ],
    [
      6.54,
      -8.18,
      2.93
    ],
    [
      7.33,
      -8.08,
      3.18
    ],
    [
      1.27,
      -1.37,
      2.04
    ],
    [
      3.5,
      -3.75,
      6.42
    ],
    [
      6.84,
      -7.24,
      4.6
    ],
    [
      6.57,
      -6.09,
      2.3
    ],
    [
      8.07,
      -7.46,
      4.06
    ],
    [
      1.34,
      -1.2,
      1.79
    ],
    [
      1.66,
      -1.36,
      1.48
    ],
    [
      1.42,
      -1.16,
      1.5
    ],
    [
      5.55,
      -4.36,
      6.58
    ],
    [
      9.24,
      -6.82,
      4.02
    ],
    [
      2.21,
      -1.58,
      3.75
    ],
    [
      7.48,
      -4.71,
      2.29
    ],
    [
      8.09,
      -4.17,
      2.6
    ],
    [
      9.55,
      -4.78,
      3.28
    ],
    [
      5.0,
      -1.46,
      2.0
    ],
    [
      3.78,
      -0.14,
      1.81
    ]
  ],
  "faces": [
    [
      38,
      37,
      42
    ],
    [
      1,
      37,
      42
    ],
    [
      1,
      30,
      37
    ],
    [
      13,
      30,
      37
    ],
    [
      13,
      30,
      4
    ],
    [
      18,
      13,
      23
    ],
    [
      18,
      13,
      4
    ],
    [
      28,
      38,
      42
    ],
    [
      28,
      38,
      23
    ],
    [
      28,
      40,
      42
    ],
    [
      31,
      38,
      37
    ],
    [
      16,
      30,
      8
    ],
    [
      16,
      30,
      4
    ],
    [
      44,
      1,
      42
    ],
    [
      44,
      40,
      35
    ],
    [
      39,
      30,
      8
    ],
    [
      39,
      1,
      30
    ],
    [
      5,
      6,
      8
    ],
    [
      33,
      38,
      23
    ],
    [
      33,
      31,
      23
    ],
    [
      33,
      31,
      38
    ],
    [
      24,
      13,
      37
    ],
    [
      24,
      31,
      37
    ],
    [
      24,
      13,
      23
    ],
    [
      24,
      31,
      23
    ],
    [
      7,
      16,
      8
    ],
    [
      41,
      40,
      42
    ],
    [
      41,
      44,
      42
    ],
    [
      0,
      44,
      1
    ],
    [
      0,
      39,
      1
    ],
    [
      11,
      5,
      8
    ],
    [
      26,
      40,
      35
    ],
    [
      26,
      17,
      35
    ],
    [
      9,
      18,
      4
    ],
    [
      10,
      16,
      4
    ],
    [
      10,
      7,
      4
    ],
    [
      10,
      7,
      16
    ],
    [
      43,
      44,
      40
    ],
    [
      43,
      41,
      40
    ],
    [
      43,
      41,
      44
    ],
    [
      29,
      0,
      34
    ],
    [
      15,
      39,
      8
    ],
    [
      15,
      0,
      39
    ],
    [
      15,
      29,
      0
    ],
    [
      15,
      29,
      34
    ],
    [
      15,
      11,
      8
    ],
    [
      36,
      0,
      34
    ],
    [
      36,
      15,
      34
    ],
    [
      36,
      15,
      11
    ],
    [
      36,
      44,
      35
    ],
    [
      36,
      0,
      44
    ],
    [
      14,
      11,
      5
    ],
    [
      14,
      36,
      11
    ],
    [
      14,
      17,
      35
    ],
    [
      14,
      36,
      35
    ],
    [
      2,
      5,
      6
    ],
    [
      2,
      7,
      4
    ],
    [
      2,
      6,
      8
    ],
    [
      2,
      7,
      8
    ],
    [
      3,
      2,
      5
    ],
    [
      3,
      9,
      4
    ],
    [
      3,
      2,
      4
    ],
    [
      32,
      22,
      27
    ],
    [
      32,
      28,
      40
    ],
    [
      32,
      27,
      28
    ],
    [
      20,
      27,
      28
    ],
    [
      20,
      22,
      27
    ],
    [
      20,
      28,
      23
    ],
    [
      20,
      18,
      23
    ],
    [
      20,
      9,
      18
    ],
    [
      20,
      19,
      9
    ],
    [
      12,
      14,
      17
    ],
    [
      12,
      3,
      9
    ],
    [
      12,
      14,
      5
    ],
    [
      12,
      3,
      5
    ],
    [
      12,
      19,
      17
    ],
    [
      12,
      19,
      9
    ],
    [
      25,
      26,
      40
    ],
    [
      25,
      32,
      40
    ],
    [
      21,
      32,
      22
    ],
    [
      21,
      25,
      32
    ],
    [
      21,
      20,
      22
    ],
    [
      21,
      26,
      17
    ],
    [
      21,
      25,
      26
    ],
    [
      21,
      19,
      17
    ],
    [
      21,
      20,
      19
    ]
  ],
  "volume": 147.14959066666674,
  "surface_sources": [],
  "surface_colors": []
}