{
  "family": "rose",
  "original_samples": 467,
  "surface_samples_added": 0,
  "total_points": 51,
  "original_centroid": [
    7.69,
    0.23,
    4.99
  ],
  "augmented_centroid": [
    7.761372549019607,
    0.19098039215686274,
    4.977254901960785
  ],
  "centroid_shift": 0.08233473188040163,
  "vertices": [
    [
      14.69,
      0.02,
      4.07
    ],
    [
      15.69,
      0.54,
      5.26
    ],
    [
      11.05,
      1.2,
      6.61
    ],
    [
      5.81,
      0.94,
      8.1
    ],
    [
      13.81,
      2.73,
      4.01
    ],
    [
      7.73,
      1.64,
      2.34
    ],
    [
      6.23,
      1.38,
      2.27
    ],
    [
      12.78,
      2.94,
      5.23
    ],
    [
      12.51,
      3.69,
      4.25
    ],
    [
      11.04,
      3.63,
      3.31
    ],
    [
      7.79,
      2.83,
      7.24
    ],
    [
      6.5,
      2.63,
      2.54
    ],
    [
      9.67,
      4.03,
      5.78
    ],
    [
      3.61,
      1.68,
      8.2
    ],
    [
      3.48,
      1.8,
      3.11
    ],
    [
      4.43,
      2.41,
      8.01
    ],
    [
      2.59,
      1.56,
      8.2
    ],
    [
      6.3,
      3.88,
      7.29
    ],
    [
      3.23,
      2.63,
      3.25
    ],
    [
      2.32,
      2.03,
      8.1
    ],
    [
      5.01,
      4.49,
      7.34
    ],
    [
      6.17,
      5.76,
      5.12
    ],
    [
      2.62,
      3.19,
      8.05
    ],
    [
      1.84,
      2.31,
      3.65
    ],
    [
      2.5,
      4.11,
      7.3
    ],
    [
      1.73,
      3.04,
      5.95
    ],
    [
      1.82,
      3.43,
      7.03
    ],
    [
      0.59,
      1.76,
      7.74
    ],
    [
      6.08,
      -4.63,
      3.17
    ],
    [
      8.16,
      -5.22,
      3.55
    ],
    [
      6.5,
      -4.14,
      2.37
    ],
    [
      6.67,
      -3.96,
      6.13
    ],
    [
      10.02,
      -5.34,
      4.76
    ],
    [
      2.6,
      -1.31,
      6.31
    ],
    [
      4.19,
      -1.97,
      2.92
    ],
    [
      12.1,
      -5.15,
      3.79
    ],
    [
      11.73,
      -4.92,
      3.64
    ],
    [
      10.21,
      -4.15,
      5.9
    ],
    [
      4.89,
      -1.59,
      2.53
    ],
    [
      11.65,
      -3.27,
      3.32
    ],
    [
      8.91,
      -2.31,
      6.78
    ],
    [
      8.07,
      -2.03,
      2.52
    ],
    [
      2.51,
      -0.57,
      6.9
    ],
    [
      13.52,
      -2.26,
      6.0
    ],
    [
      7.73,
      -1.17,
      2.42
    ],
    [
      15.23,
      -2.18,
      4.42
    ],
    [
      13.68,
      -1.68,
      3.69
    ],
    [
      11.32,
      -1.33,
      3.06
    ],
    [
      15.02,
      -0.59,
      4.18
    ],
    [
      8.6,
      -0.18,
      2.53
    ]
  ],
  "faces": [
    [
      29,
      31,
      32
    ],
    [
      29,
      31,
      28
    ],
    [
      25,
      23,
      27
    ],
    [
      18,
      23,
      21
    ],
    [
      8,
      9,
      21
    ],
    [
      33,
      31,
      28
    ],
    [
      33,
      23,
      27
    ],
    [
      37,
      31,
      32
    ],
    [
      16,
      31,
      3
    ],
    [
      16,
      31,
      27
    ],
    [
      16,
      19,
      27
    ],
    [
      24,
      20,
      21
    ],
    [
      24,
      23,
      21
    ],
    [
      24,
      25,
      23
    ],
    [
      11,
      9,
      21
    ],
    [
      11,
      18,
      21
    ],
    [
      11,
      18,
      6
    ],
    [
      14,
      38,
      6
    ],
    [
      14,
      38,
      23
    ],
    [
      14,
      18,
      6
    ],
    [
      14,
      18,
      23
    ],
    [
      34,
      38,
      23
    ],
    [
      34,
      33,
      28
    ],
    [
      34,
      33,
      23
    ],
    [
      12,
      20,
      21
    ],
    [
      12,
      8,
      21
    ],
    [
      42,
      31,
      27
    ],
    [
      42,
      33,
      27
    ],
    [
      42,
      33,
      31
    ],
    [
      40,
      44,
      3
    ],
    [
      40,
      37,
      44
    ],
    [
      40,
      31,
      3
    ],
    [
      40,
      37,
      31
    ],
    [
      22,
      16,
      19
    ],
    [
      22,
      24,
      20
    ],
    [
      22,
      19,
      27
    ],
    [
      22,
      24,
      27
    ],
    [
      2,
      10,
      1
    ],
    [
      2,
      10,
      3
    ],
    [
      2,
      44,
      1
    ],
    [
      2,
      44,
      3
    ],
    [
      17,
      10,
      3
    ],
    [
      17,
      12,
      20
    ],
    [
      26,
      25,
      27
    ],
    [
      26,
      24,
      27
    ],
    [
      26,
      24,
      25
    ],
    [
      5,
      11,
      6
    ],
    [
      5,
      11,
      9
    ],
    [
      30,
      34,
      28
    ],
    [
      30,
      34,
      38
    ],
    [
      30,
      36,
      39
    ],
    [
      30,
      29,
      28
    ],
    [
      30,
      38,
      6
    ],
    [
      30,
      5,
      6
    ],
    [
      7,
      8,
      1
    ],
    [
      7,
      12,
      8
    ],
    [
      7,
      17,
      12
    ],
    [
      7,
      10,
      1
    ],
    [
      7,
      17,
      10
    ],
    [
      13,
      16,
      3
    ],
    [
      13,
      22,
      16
    ],
    [
      15,
      22,
      20
    ],
    [
      15,
      17,
      20
    ],
    [
      15,
      17,
      3
    ],
    [
      15,
      13,
      3
    ],
    [
      15,
      13,
      22
    ],
    [
      4,
      8,
      1
    ],
    [
      4,
      49,
      1
    ],
    [
      4,
      8,
      9
    ],
    [
      46,
      44,
      1
    ],
    [
      46,
      49,
      1
    ],
    [
      48,
      30,
      39
    ],
    [
      48,
      5,
      9
    ],
    [
      35,
      29,
      32
    ],
    [
      35,
      30,
      29
    ],
    [
      35,
      30,
      36
    ],
    [
      35,
      46,
      44
    ],
    [
      35,
      36,
      39
    ],
    [
      35,
      37,
      32
    ],
    [
      35,
      37,
      44
    ],
    [
      47,
      48,
      39
    ],
    [
      47,
      46,
      49
    ],
    [
      47,
      35,
      39
    ],
    [
      47,
      35,
      46
    ],
    [
      45,
      30,
      5
    ],
    [
      0,
      47,
      48
    ],
    [
      0,
      4,
      9
    ],
    [
      0,
      48,
      9
    ],
    [
      0,
      4,
      49
    ],
    [
      0,
      47,
      49
    ],
    [
      50,
      48,
      5
    ],
    [
      50,
      45,
      5
    ],
    [
      50,
      45,
      48
    ],
    [
      41,
      48,
      30
    ],
    [
      41,
      45,
      30
    ],
    [
      41,
      45,
      48
    ]
  ],
  "volume": 366.42449166666665,
  "surface_sources": [],
  "surface_colors": []
}