{
  "family": "sand",
  "original_samples": 123,
  "surface_samples_added": 0,
  "total_points": 24,
  "original_centroid": [
    1.43,
    2.85,
    6.26
  ],
  "augmented_centroid": [
    1.2049999999999998,
    2.6804166666666664,
    6.522083333333334
  ],
  "centroid_shift": 0.3848001826345149,
  "vertices": [
    [
      1.8,
      1.51,
      4.43
    ],
    [
      1.39,
      1.38,
      5.72
    ],
    [
      0.66,
      0.69,
      4.8
    ],
    [
      3.13,
      3.36,
      5.45
    ],
    [
      1.79,
      2.41,
      3.92
    ],
    [
      0.57,
      0.8,
      6.92
    ],
    [
      3.51,
      5.06,
      6.14
    ],
    [
      2.9,
      4.36,
      7.13
    ],
    [
      1.67,
      3.09,
      4.36
    ],
    [
      2.33,
      5.17,
      5.67
    ],
    [
      2.16,
      5.23,
      5.95
    ],
    [
      1.54,
      4.12,
      5.38
    ],
    [
      1.61,
      4.57,
      7.64
    ],
    [
      0.83,
      2.8,
      8.64
    ],
    [
      0.77,
      2.81,
      5.19
    ],
    [
      0.29,
      1.12,
      8.23
    ],
    [
      0.46,
      1.92,
      8.51
    ],
    [
      0.37,
      1.76,
      4.68
    ],
    [
      0.62,
      3.05,
      8.58
    ],
    [
      0.11,
      0.81,
      7.9
    ],
    [
      0.09,
      0.81,
      7.63
    ],
    [
      0.3,
      2.81,
      8.35
    ],
    [
      0.22,
      2.49,
      8.32
    ],
    [
      -0.2,
      2.2,
      6.99
    ]
  ],
  "faces": [
    [
      20,
      2,
      23
    ],
    [
      20,
      19,
      23
    ],
    [
      20,
      19,
      2
    ],
    [
      14,
      11,
      23
    ],
    [
      22,
      19,
      23
    ],
    [
      7,
      12,
      6
    ],
    [
      7,
      12,
      13
    ],
    [
      5,
      19,
      2
    ],
    [
      9,
      4,
      6
    ],
    [
      0,
      4,
      2
    ],
    [
      0,
      5,
      2
    ],
    [
      0,
      5,
      1
    ],
    [
      17,
      14,
      11
    ],
    [
      17,
      4,
      2
    ],
    [
      17,
      2,
      23
    ],
    [
      17,
      14,
      23
    ],
    [
      18,
      12,
      13
    ],
    [
      18,
      16,
      13
    ],
    [
      18,
      22,
      16
    ],
    [
      15,
      22,
      19
    ],
    [
      15,
      22,
      16
    ],
    [
      15,
      5,
      19
    ],
    [
      15,
      16,
      13
    ],
    [
      15,
      7,
      13
    ],
    [
      3,
      5,
      1
    ],
    [
      3,
      0,
      1
    ],
    [
      3,
      15,
      7
    ],
    [
      3,
      15,
      5
    ],
    [
      3,
      7,
      6
    ],
    [
      3,
      4,
      6
    ],
    [
      3,
      0,
      4
    ],
    [
      8,
      9,
      11
    ],
    [
      8,
      9,
      4
    ],
    [
      8,
      17,
      11
    ],
    [
      8,
      17,
      4
    ],
    [
      10,
      12,
      6
    ],
    [
      10,
      9,
      6
    ],
    [
      10,
      12,
      23
    ],
    [
      10,
      11,
      23
    ],
    [
      10,
      9,
      11
    ],
    [
      21,
      22,
      23
    ],
    [
      21,
      18,
      22
    ],
    [
      21,
      12,
      23
    ],
    [
      21,
      18,
      12
    ]
  ],
  "volume": 19.136434666666663,
  "surface_sources": [],
  "surface_colors": []
}