{
  "family": "taupe",
  "original_samples": 76,
  "surface_samples_added": 0,
  "total_points": 23,
  "original_centroid": [
    0.95,
    1.05,
    4.68
  ],
  "augmented_centroid": [
    0.8808695652173913,
    0.8773913043478261,
    4.309565217391304
  ],
  "centroid_shift": 0.41448125047380474,
  "vertices": [
    [
      0.43,
      0.0,
      3.25
    ],
    [
      0.79,
      0.09,
      2.88
    ],
    [
      1.24,
      0.28,
      4.28
    ],
    [
      1.27,
      0.3,
      3.02
    ],
    [
      0.57,
      0.19,
      2.5
    ],
    [
      0.86,
      0.42,
      2.51
    ],
    [
      1.89,
      1.12,
      4.17
    ],
    [
      1.75,
      1.14,
      5.4
    ],
    [
      0.98,
      0.66,
      2.77
    ],
    [
      0.73,
      0.6,
      5.83
    ],
    [
      1.1,
      0.97,
      3.14
    ],
    [
      0.96,
      0.89,
      6.58
    ],
    [
      1.65,
      1.9,
      4.49
    ],
    [
      0.54,
      0.7,
      2.88
    ],
    [
      1.23,
      1.73,
      6.15
    ],
    [
      0.36,
      0.75,
      3.13
    ],
    [
      0.3,
      0.64,
      4.25
    ],
    [
      0.63,
      1.44,
      3.73
    ],
    [
      0.54,
      1.5,
      6.91
    ],
    [
      0.28,
      0.78,
      5.03
    ],
    [
      0.74,
      2.14,
      5.52
    ],
    [
      0.44,
      1.96,
      6.79
    ],
    [
      0.98,
      -0.02,
      3.91
    ]
  ],
  "faces": [
    [
      16,
      15,
      19
    ],
    [
      7,
      14,
      11
    ],
    [
      21,
      14,
      20
    ],
    [
      21,
      15,
      19
    ],
    [
      21,
      17,
      20
    ],
    [
      21,
      17,
      15
    ],
    [
      9,
      22,
      11
    ],
    [
      0,
      15,
      4
    ],
    [
      0,
      16,
      15
    ],
    [
      0,
      16,
      19
    ],
    [
      0,
      9,
      19
    ],
    [
      0,
      9,
      22
    ],
    [
      13,
      15,
      4
    ],
    [
      13,
      17,
      15
    ],
    [
      2,
      22,
      11
    ],
    [
      2,
      7,
      11
    ],
    [
      2,
      7,
      6
    ],
    [
      2,
      3,
      6
    ],
    [
      2,
      3,
      22
    ],
    [
      18,
      14,
      11
    ],
    [
      18,
      21,
      14
    ],
    [
      18,
      9,
      11
    ],
    [
      18,
      21,
      19
    ],
    [
      18,
      9,
      19
    ],
    [
      1,
      3,
      4
    ],
    [
      1,
      3,
      22
    ],
    [
      1,
      0,
      4
    ],
    [
      1,
      0,
      22
    ],
    [
      12,
      10,
      6
    ],
    [
      12,
      10,
      17
    ],
    [
      12,
      17,
      20
    ],
    [
      12,
      14,
      20
    ],
    [
      12,
      7,
      6
    ],
    [
      12,
      7,
      14
    ],
    [
      5,
      13,
      4
    ],
    [
      5,
      3,
      4
    ],
    [
      5,
      3,
      6
    ],
    [
      8,
      13,
      17
    ],
    [
      8,
      5,
      13
    ],
    [
      8,
      10,
      17
    ],
    [
      8,
      10,
      6
    ],
    [
      8,
      5,
      6
    ]
  ],
  "volume": 4.892813,
  "surface_sources": [],
  "surface_colors": []
}