{
  "family": "teal",
  "original_samples": 43,
  "surface_samples_added": 154,
  "total_points": 169,
  "original_centroid": [
    -3.38,
    -3.01,
    3.32
  ],
  "augmented_centroid": [
    -0.5545122499826488,
    -4.699521147783762,
    4.340710059171598
  ],
  "centroid_shift": 3.446695774100285,
  "vertices": [
    [
      -6.1,
      -1.64,
      3.82
    ],
    [
      -4.59,
      -1.25,
      2.96
    ],
    [
      -5.46,
      -3.67,
      3.58
    ],
    [
      -0.10007822429392772,
      -1.0954379713257043,
      0.9
    ],
    [
      -3.0909597502543,
      -9.72038928347563,
      4.6
    ],
    [
      -2.127886839674999,
      -4.634878380015806,
      1.0
    ],
    [
      1.9848909588229113,
      -9.290328728391858,
      5.9
    ],
    [
      1.4651454741666003,
      -9.871866527639499,
      4.95
    ],
    [
      1.2643034647297196,
      -7.494100129373267,
      3.32
    ],
    [
      -1.6561611016716866,
      -3.924886037238486,
      0.93
    ],
    [
      -2.9520509991323776,
      -5.588183506160256,
      2.01
    ],
    [
      -1.0609852382717166,
      -7.626552977864215,
      6.0
    ],
    [
      2.008610463437157,
      -6.181867355918499,
      5.9
    ],
    [
      0.6332953199168951,
      -2.314937804298715,
      5.9
    ],
    [
      1.7304951684997043,
      -5.32591649125286,
      5.8
    ],
    [
      -1.076238572799319,
      -2.0326609492039944,
      5.9
    ],
    [
      -4.0213856140085085,
      -7.260747739967655,
      5.9
    ],
    [
      -0.9409290407433734,
      -3.0585376473546564,
      6.0
    ],
    [
      1.6068883707497257,
      -4.945493884734799,
      2.9
    ],
    [
      -0.0,
      -0.0,
      1.9
    ],
    [
      2.5648410533120622,
      -7.893769085249776,
      5.2
    ],
    [
      0.019970998051440675,
      -0.0979855052384247,
      2.2
    ],
    [
      0.2472135954999578,
      -0.760845213036123,
      2.5
    ],
    [
      0.1236067977499789,
      -0.3804226065180615,
      1.8
    ],
    [
      2.1017299034834074,
      -7.407613071212861,
      6.0
    ]
  ],
  "faces": [
    [
      1,
      114,
      0
    ],
    [
      1,
      20,
      0
    ],
    [
      17,
      1,
      114
    ],
    [
      4,
      20,
      0
    ],
    [
      129,
      114,
      0
    ],
    [
      129,
      49,
      0
    ],
    [
      27,
      4,
      20
    ],
    [
      27,
      19,
      20
    ],
    [
      27,
      19,
      4
    ],
    [
      47,
      129,
      49
    ],
    [
      54,
      47,
      49
    ],
    [
      54,
      47,
      167
    ],
    [
      51,
      54,
      42
    ],
    [
      51,
      54,
      49
    ],
    [
      51,
      4,
      0
    ],
    [
      51,
      19,
      4
    ],
    [
      51,
      49,
      0
    ],
    [
      140,
      17,
      114
    ],
    [
      25,
      24,
      20
    ],
    [
      25,
      24,
      17
    ],
    [
      25,
      1,
      20
    ],
    [
      25,
      17,
      1
    ],
    [
      23,
      19,
      20
    ],
    [
      23,
      24,
      20
    ],
    [
      23,
      24,
      127
    ],
    [
      72,
      24,
      17
    ],
    [
      72,
      140,
      17
    ],
    [
      72,
      24,
      127
    ],
    [
      46,
      167,
      127
    ],
    [
      46,
      47,
      167
    ],
    [
      139,
      129,
      114
    ],
    [
      139,
      47,
      129
    ],
    [
      21,
      167,
      127
    ],
    [
      21,
      23,
      127
    ],
    [
      21,
      167,
      42
    ],
    [
      21,
      23,
      19
    ],
    [
      21,
      51,
      42
    ],
    [
      21,
      51,
      19
    ],
    [
      48,
      46,
      47
    ],
    [
      48,
      139,
      47
    ],
    [
      54,
      167,
      42
    ],
    [
      48,
      72,
      127
    ],
    [
      48,
      72,
      140
    ],
    [
      48,
      140,
      114
    ],
    [
      48,
      46,
      127
    ],
    [
      48,
      139,
      114
    ]
  ],
  "volume": 159.33935136816442,
  "surface_sources": [
    "ncs_colors",
    "ral_classic",
    "golden_acrylics",
    "rhs_colors",
    "williamsburg_oils"
  ],
  "surface_colors": [
    {
      "name": "Cobalt Teal",
      "munsell": "8.7BG 5.4/8.7",
      "source": "golden_acrylics"
    },
    {
      "name": "Cobalt Turquoise",
      "munsell": "8.3BG 3.7/7.7",
      "source": "golden_acrylics"
    },
    {
      "name": "Hookers Green Hue",
      "munsell": "5.7BG 0.9/1.1",
      "source": "golden_acrylics"
    },
    {
      "name": "Jenkins Green",
      "munsell": "3.4BG 1.1/1.7",
      "source": "golden_acrylics"
    },
    {
      "name": "Light Turquoise Phthalo",
      "munsell": "3.4BG 4.6/10.2",
      "source": "golden_acrylics"
    },
    {
      "name": "Phthalo Green Yellow Shade",
      "munsell": "2.1BG 1.0/5.1",
      "source": "golden_acrylics"
    },
    {
      "name": "Teal",
      "munsell": "8.9BG 5.9/9.5",
      "source": "golden_acrylics"
    },
    {
      "name": "Viridian Green Hue",
      "munsell": "2.3BG 2.6/6.6",
      "source": "golden_acrylics"
    },
    {
      "name": "Cobalt Teal Greenish",
      "munsell": "8.23BG 4.95/9.98",
      "source": "williamsburg_oils"
    },
    {
      "name": "Cobalt Turquoise Greenish",
      "munsell": "8.44BG 3.32/7.6",
      "source": "williamsburg_oils"
    },
    {
      "name": "Phthalo Green-Yellowish",
      "munsell": "2.43BG 0.93/4.26",
      "source": "williamsburg_oils"
    },
    {
      "name": "Turquoise",
      "munsell": "4.08BG 4.46/9.57",
      "source": "williamsburg_oils"
    },
    {
      "name": "Viridian",
      "munsell": "1.51BG 2.01/6.32",
      "source": "williamsburg_oils"
    },
    {
      "name": "",
      "munsell": "9.7BG 5.9/7.3",
      "source": "ncs_colors"
    },
    {
      "name": "",
      "munsell": "10BG 5.5/5.6",
      "source": "ncs_colors"
    },
    {
      "name": "",
      "munsell": "4.7BG 5.6/5.5",
      "source": "ncs_colors"
    },
    {
      "name": "",
      "munsell": "5BG 5.5/7.2",
      "source": "ncs_colors"
    },
    {
      "name": "",
      "munsell": "4.7BG 6.0/4.9",
      "source": "ncs_colors"
    },
    {
      "name": "",
      "munsell": "1.7BG 5.5/6.8",
      "source": "ncs_colors"
    },
    {
      "name": "",
      "munsell": "4.7BG 6.0/4.9",
      "source": "ncs_colors"
    },
    {
      "name": "",
      "munsell": "4.9BG 5.4/6.5",
      "source": "ncs_colors"
    },
    {
      "name": "",
      "munsell": "3.4BG 5.4/3.1",
      "source": "ncs_colors"
    },
    {
      "name": "",
      "munsell": "2.2BG 5.9/8.0",
      "source": "ncs_colors"
    },
    {
      "name": "",
      "munsell": "2.5BG 5.9/5.8",
      "source": "ncs_colors"
    },
    {
      "name": "",
      "munsell": "2.2BG 5.9/8.0",
      "source": "ncs_colors"
    },
    {
      "name": "",
      "munsell": "1.7BG 5.8/2.3",
      "source": "ncs_colors"
    },
    {
      "name": "",
      "munsell": "4.8BG 5.8/5.8",
      "source": "ncs_colors"
    },
    {
      "name": "",
      "munsell": "5.2BG 6.0/7.7",
      "source": "ncs_colors"
    },
    {
      "name": "",
      "munsell": "4.7BG 5.9/5.0",
      "source": "ncs_colors"
    },
    {
      "name": "",
      "munsell": "9.6BG 5.9/7.6",
      "source": "ncs_colors"
    },
    {
      "name": "",
      "munsell": "6.4BG 5.9/3.4",
      "source": "ncs_colors"
    },
    {
      "name": "",
      "munsell": "10BG 5.9/6.5",
      "source": "ncs_colors"
    },
    {
      "name": "",
      "munsell": "9.5BG 5.9/2.4",
      "source": "ncs_colors"
    },
    {
      "name": "",
      "munsell": "10BG 5.8/5.6",
      "source": "ncs_colors"
    },
    {
      "name": "",
      "munsell": "1.5BG 5.9/2.3",
      "source": "ncs_colors"
    },
    {
      "name": "",
      "munsell": "4.3BG 5.6/4.3",
      "source": "ncs_colors"
    },
    {
      "name": "",
      "munsell": "1.3BG 5.9/8.3",