{
  "family": "turquoise",
  "original_samples": 121,
  "surface_samples_added": 0,
  "total_points": 26,
  "original_centroid": [
    -4.41,
    -3.94,
    5.45
  ],
  "augmented_centroid": [
    -4.131153846153846,
    -3.7819230769230767,
    5.4557692307692305
  ],
  "centroid_shift": 0.3205881706300612,
  "vertices": [
    [
      -3.63,
      -0.21,
      5.73
    ],
    [
      -7.26,
      -1.18,
      5.79
    ],
    [
      -2.69,
      -0.69,
      6.26
    ],
    [
      -2.41,
      -0.77,
      5.71
    ],
    [
      -4.44,
      -1.44,
      4.05
    ],
    [
      -7.7,
      -2.5,
      5.05
    ],
    [
      -4.7,
      -1.69,
      7.14
    ],
    [
      -3.93,
      -1.55,
      3.96
    ],
    [
      -6.34,
      -2.68,
      3.73
    ],
    [
      -7.59,
      -3.83,
      6.35
    ],
    [
      -6.57,
      -3.36,
      7.09
    ],
    [
      -7.13,
      -5.37,
      5.43
    ],
    [
      -2.66,
      -2.4,
      7.16
    ],
    [
      -1.55,
      -1.61,
      6.34
    ],
    [
      -5.62,
      -6.83,
      4.96
    ],
    [
      -6.06,
      -7.46,
      6.84
    ],
    [
      -5.14,
      -7.02,
      4.49
    ],
    [
      -2.29,
      -3.57,
      3.94
    ],
    [
      -4.05,
      -6.33,
      3.85
    ],
    [
      -1.35,
      -2.21,
      5.94
    ],
    [
      -1.37,
      -2.37,
      6.46
    ],
    [
      -2.75,
      -5.61,
      6.34
    ],
    [
      -3.36,
      -7.52,
      6.02
    ],
    [
      -2.29,
      -5.77,
      3.49
    ],
    [
      -2.84,
      -7.64,
      5.58
    ],
    [
      -1.69,
      -6.72,
      4.15
    ]
  ],
  "faces": [
    [
      25,
      16,
      24
    ],
    [
      8,
      7,
      23
    ],
    [
      17,
      7,
      23
    ],
    [
      17,
      25,
      19
    ],
    [
      17,
      25,
      23
    ],
    [
      11,
      8,
      5
    ],
    [
      11,
      8,
      16
    ],
    [
      18,
      25,
      23
    ],
    [
      18,
      25,
      16
    ],
    [
      18,
      8,
      23
    ],
    [
      18,
      8,
      16
    ],
    [
      1,
      8,
      5
    ],
    [
      3,
      0,
      7
    ],
    [
      3,
      17,
      19
    ],
    [
      3,
      17,
      7
    ],
    [
      20,
      25,
      19
    ],
    [
      20,
      25,
      24
    ],
    [
      15,
      12,
      10
    ],
    [
      15,
      16,
      24
    ],
    [
      6,
      1,
      0
    ],
    [
      6,
      12,
      10
    ],
    [
      6,
      1,
      10
    ],
    [
      4,
      8,
      7
    ],
    [
      4,
      1,
      8
    ],
    [
      4,
      0,
      7
    ],
    [
      4,
      1,
      0
    ],
    [
      13,
      20,
      12
    ],
    [
      13,
      3,
      19
    ],
    [
      13,
      20,
      19
    ],
    [
      22,
      15,
      24
    ],
    [
      22,
      15,
      12
    ],
    [
      9,
      15,
      10
    ],
    [
      9,
      15,
      11
    ],
    [
      9,
      11,
      5
    ],
    [
      9,
      1,
      5
    ],
    [
      9,
      1,
      10
    ],
    [
      14,
      11,
      16
    ],
    [
      14,
      15,
      16
    ],
    [
      14,
      15,
      11
    ],
    [
      2,
      6,
      12
    ],
    [
      2,
      13,
      12
    ],
    [
      2,
      6,
      0
    ],
    [
      2,
      3,
      0
    ],
    [
      2,
      13,
      3
    ],
    [
      21,
      20,
      12
    ],
    [
      21,
      22,
      12
    ],
    [
      21,
      20,
      24
    ],
    [
      21,
      22,
      24
    ]
  ],
  "volume": 85.4496108333333,
  "surface_sources": [],
  "surface_colors": []
}