{
  "family": "violet",
  "original_samples": 178,
  "surface_samples_added": 101,
  "total_points": 132,
  "original_centroid": [
    4.22,
    -4.49,
    3.8
  ],
  "augmented_centroid": [
    4.5598194918315365,
    -2.2595900168614724,
    5.798030303030303
  ],
  "centroid_shift": 3.0136906065055875,
  "vertices": [
    [
      1.33,
      0.04,
      6.37
    ],
    [
      1.4,
      -6.89,
      4.31
    ],
    [
      1.13,
      -5.13,
      2.51
    ],
    [
      1.52,
      -6.83,
      2.96
    ],
    [
      0.81,
      -3.25,
      4.91
    ],
    [
      2.42,
      -8.37,
      4.31
    ],
    [
      2.16,
      -7.09,
      2.13
    ],
    [
      2.88,
      -8.92,
      2.29
    ],
    [
      3.87,
      -10.43,
      2.43
    ],
    [
      3.77,
      -7.93,
      2.03
    ],
    [
      0.97,
      -1.95,
      1.46
    ],
    [
      0.88,
      -1.74,
      2.67
    ],
    [
      3.8,
      -6.89,
      5.42
    ],
    [
      3.46,
      -6.16,
      1.86
    ],
    [
      4.42,
      -6.81,
      2.0
    ],
    [
      7.68,
      -8.52,
      3.4
    ],
    [
      7.77,
      -7.87,
      2.57
    ],
    [
      8.01,
      -8.08,
      2.92
    ],
    [
      6.6,
      -6.59,
      5.0
    ],
    [
      7.66,
      -5.82,
      5.3
    ],
    [
      5.26,
      -3.0,
      1.92
    ],
    [
      9.31,
      -4.63,
      3.05
    ],
    [
      7.61,
      -2.51,
      2.63
    ],
    [
      5.29,
      -0.7,
      1.98
    ],
    [
      1.8663457763845084,
      -0.35602449771287686,
      8.0
    ],
    [
      1.3230883052517266,
      -0.4576432415169193,
      7.5
    ],
    [
      1.6586223134786977,
      -0.6992653439364579,
      8.1
    ],
    [
      3.0375506623911654,
      -0.6191009395946623,
      8.1
    ],
    [
      2.196578814290202,
      -0.9669754457127907,
      8.3
    ],
    [
      13.457335334983036,
      -2.567124009824428,
      5.5
    ],
    [
      13.260877884837297,
      -2.5296477469072833,
      5.3
    ],
    [
      13.408517914222502,
      -3.2636861589273956,
      5.4
    ],
    [
      13.183291408689357,
      -3.340782488216997,
      5.2
    ]
  ],
  "faces": [
    [
      85,
      86,
      89
    ],
    [
      11,
      10,
      4
    ],
    [
      51,
      85,
      86
    ],
    [
      91,
      30,
      89
    ],
    [
      91,
      95,
      24
    ],
    [
      17,
      95,
      24
    ],
    [
      92,
      86,
      89
    ],
    [
      92,
      91,
      89
    ],
    [
      92,
      91,
      95
    ],
    [
      5,
      12,
      8
    ],
    [
      5,
      12,
      86
    ],
    [
      7,
      6,
      10
    ],
    [
      7,
      6,
      3
    ],
    [
      2,
      6,
      10
    ],
    [
      2,
      6,
      3
    ],
    [
      2,
      10,
      4
    ],
    [
      0,
      11,
      10
    ],
    [
      0,
      30,
      89
    ],
    [
      0,
      30,
      10
    ],
    [
      0,
      85,
      89
    ],
    [
      0,
      51,
      85
    ],
    [
      27,
      30,
      24
    ],
    [
      27,
      91,
      24
    ],
    [
      27,
      91,
      30
    ],
    [
      23,
      30,
      24
    ],
    [
      23,
      17,
      24
    ],
    [
      23,
      30,
      10
    ],
    [
      21,
      12,
      86
    ],
    [
      21,
      92,
      86
    ],
    [
      18,
      17,
      95
    ],
    [
      18,
      92,
      95
    ],
    [
      18,
      17,
      8
    ],
    [
      1,
      2,
      4
    ],
    [
      1,
      2,
      3
    ],
    [
      1,
      7,
      3
    ],
    [
      1,
      5,
      8
    ],
    [
      1,
      7,
      8
    ],
    [
      54,
      0,
      51
    ],
    [
      54,
      11,
      4
    ],
    [
      54,
      0,
      11
    ],
    [
      54,
      1,
      4
    ],
    [
      9,
      7,
      8
    ],
    [
      9,
      7,
      10
    ],
    [
      9,
      17,
      8
    ],
    [
      15,
      21,
      92
    ],
    [
      15,
      18,
      8
    ],
    [
      15,
      18,
      92
    ],
    [
      15,
      12,
      8
    ],
    [
      55,
      51,
      86
    ],
    [
      55,
      54,
      51
    ],
    [
      55,
      54,
      1
    ],
    [
      55,
      5,
      86
    ],
    [
      55,
      1,
      5
    ],
    [
      13,
      23,
      10
    ],
    [
      13,
      9,
      10
    ],
    [
      19,
      21,
      12
    ],
    [
      19,
      15,
      12
    ],
    [
      19,
      15,
      21
    ],
    [
      14,
      23,
      17
    ],
    [
      14,
      13,
      23
    ],
    [
      14,
      9,
      17
    ],
    [
      14,
      13,
      9
    ]
  ],
  "volume": 251.28596901944476,
  "surface_sources": [
    "ncs_colors",
    "rhs_colors"
  ],
  "surface_colors": [
    {
      "name": "",
      "munsell": "9.7P 7.0/4.7",
      "source": "ncs_colors"
    },
    {
      "name": "",
      "munsell": "4.5P 7.0/5.6",
      "source": "ncs_colors"
    },
    {
      "name": "",
      "munsell": "8.9P 7.3/5.2",
      "source": "ncs_colors"
    },
    {
      "name": "",
      "munsell": "1.5P 6.9/3.8",
      "source": "ncs_colors"
    },
    {
      "name": "",
      "munsell": "2.9P 6.9/2.6",
      "source": "ncs_colors"
    },
    {
      "name": "",
      "munsell": "9.6P 6.9/1.8",
      "source": "ncs_colors"
    },
    {
      "name": "",
      "munsell": "7.6P 6.9/4.9",
      "source": "ncs_colors"
    },
    {
      "name": "",
      "munsell": "10P 6.9/4.8",
      "source": "ncs_colors"
    },
    {
      "name": "",
      "munsell": "8.2P 6.9/4.0",
      "source": "ncs_colors"
    },
    {
      "name": "",
      "munsell": "4.8P 7.1/5.7",
      "source": "ncs_colors"
    },
    {
      "name": "",
      "munsell": "10P 7.0/1.9",
      "source": "ncs_colors"
    },
    {
      "name": "",
      "munsell": "10P 7.1/1.9",
      "source": "ncs_colors"
    },
    {
      "name": "",
      "munsell": "1.5P 6.9/3.8",
      "source": "ncs_colors"
    },
    {
      "name": "",
      "munsell": "3.9P 6.9/2.0",
      "source": "ncs_colors"
    },
    {
      "name": "",
      "munsell": "8P 7.0/1.7",
      "source": "ncs_colors"
    },
    {
      "name": "",
      "munsell": "9.5P 6.9/1.8",
      "source": "ncs_colors"
    },
    {
      "name": "",
      "munsell": "7.3P 6.8/5.4",
      "source": "ncs_colors"
    },
    {
      "name": "",
      "munsell": "10P 7.0/1.9",
      "source": "ncs_colors"
    },
    {
      "name": "",
      "munsell": "10P 6.9/4.9",
      "source": "ncs_colors"
    },
    {
      "name": "",
      "munsell": "10P 6.9/5.5",
      "source": "ncs_colors"
    },
    {
      "name": "",
      "munsell": "10P 8.0/1.9",
      "source": "ncs_colors"
    },
    {
      "name": "",
      "munsell": "9P 7.9/2.1",
      "source": "ncs_colors"
    },
    {
      "name": "",
      "munsell": "7.7P 7.5/2.0",
      "source": "ncs_colors"
    },
    {
      "name": "",
      "munsell": "5.4P 7.5/1.4",
      "source": "ncs_colors"
    },
    {
      "name": "",
      "munsell": "3.3P 8.1/1.8",
      "source": "ncs_colors"
    },
    {
      "name": "",
      "munsell": "9.9P 7.9/1.9",
      "source": "ncs_colors"
    },
    {
      "name": "",
      "munsell": "10P 7.4/1.8",
      "source": "ncs_colors"
    },
    {
      "name": "",
      "munsell": "8.8P 6.4/7.3",
      "source": "ncs_colors"
    },
    {
      "name": "",
      "munsell": "3.8P 6.2/1.6",
      "source": "ncs_colors"
    },
    {
      "name": "",
      "munsell": "4.1P 6.6/1.6",
      "source": "ncs_colors"
    },
    {
      "name": "",
      "munsell": "9.2P 6.4/3.4",
      "source": "ncs_colors"
    },
    {
      "name": "",
      "munsell": "8P 6.5/1.7",
      "source": "ncs_colors"
    },
    {
      "name": "",
      "munsell": "9.6P 6.4/1.7",
      "source": "ncs_colors"
    },
    {
      "name": "",
      "munsell": "3.8P 6.2/1.6",