{
  "family": "white",
  "original_samples": 152,
  "surface_samples_added": 3,
  "total_points": 27,
  "original_centroid": [
    0.37,
    1.98,
    8.01
  ],
  "augmented_centroid": [
    0.1877777777777778,
    1.4207407407407406,
    8.45111111111111
  ],
  "centroid_shift": 0.7352243669006755,
  "vertices": [
    [
      1.79,
      1.63,
      8.34
    ],
    [
      1.0,
      1.75,
      9.18
    ],
    [
      0.63,
      1.42,
      6.81
    ],
    [
      1.07,
      3.12,
      8.22
    ],
    [
      0.84,
      3.11,
      6.89
    ],
    [
      0.38,
      1.89,
      6.03
    ],
    [
      0.59,
      3.77,
      6.7
    ],
    [
      0.14,
      0.98,
      6.87
    ],
    [
      0.35,
      3.69,
      8.55
    ],
    [
      0.19,
      2.77,
      9.03
    ],
    [
      -0.31,
      2.22,
      7.63
    ],
    [
      -0.6,
      3.11,
      8.91
    ],
    [
      -0.15,
      0.43,
      7.77
    ],
    [
      -0.28,
      0.67,
      8.94
    ],
    [
      -0.21,
      0.4,
      9.12
    ],
    [
      -0.47,
      0.57,
      7.33
    ],
    [
      -0.15,
      0.11,
      8.63
    ],
    [
      0.0,
      0.0,
      10.0
    ],
    [
      0.0,
      0.0,
      8.8
    ]
  ],
  "faces": [
    [
      10,
      8,
      16
    ],
    [
      4,
      5,
      0
    ],
    [
      4,
      8,
      0
    ],
    [
      4,
      8,
      5
    ],
    [
      15,
      21,
      16
    ],
    [
      15,
      21,
      5
    ],
    [
      15,
      8,
      16
    ],
    [
      15,
      8,
      5
    ],
    [
      18,
      24,
      16
    ],
    [
      18,
      21,
      16
    ],
    [
      22,
      21,
      24
    ],
    [
      3,
      8,
      0
    ],
    [
      3,
      10,
      8
    ],
    [
      1,
      24,
      0
    ],
    [
      1,
      3,
      0
    ],
    [
      1,
      3,
      10
    ],
    [
      19,
      21,
      24
    ],
    [
      19,
      18,
      24
    ],
    [
      19,
      18,
      21
    ],
    [
      26,
      22,
      21
    ],
    [
      26,
      17,
      21
    ],
    [
      9,
      21,
      5
    ],
    [
      9,
      17,
      21
    ],
    [
      9,
      26,
      0
    ],
    [
      9,
      26,
      17
    ],
    [
      12,
      1,
      24
    ],
    [
      12,
      1,
      10
    ],
    [
      12,
      24,
      16
    ],
    [
      12,
      10,
      16
    ],
    [
      2,
      5,
      0
    ],
    [
      2,
      9,
      0
    ],
    [
      2,
      9,
      5
    ],
    [
      26,
      24,
      0
    ],
    [
      26,
      22,
      24
    ]
  ],
  "volume": 9.949887,
  "surface_sources": [
    "ncs_colors",
    "golden_acrylics"
  ],
  "surface_colors": [
    {
      "name": "Titanium White",
      "munsell": "N10 10.0/1.1",
      "source": "golden_acrylics"
    },
    {
      "name": "Zinc White",
      "munsell": "N10 10.0/1.5",
      "source": "golden_acrylics"
    },
    {
      "name": "",
      "munsell": "N 8.8/0.0",
      "source": "ncs_colors"
    }
  ]
}