{
  "family": "wine",
  "original_samples": 83,
  "surface_samples_added": 41,
  "total_points": 62,
  "original_centroid": [
    4.78,
    0.82,
    2.98
  ],
  "augmented_centroid": [
    2.2492780913592356,
    0.4429895613219311,
    2.599354838709677
  ],
  "centroid_shift": 2.5868090359669615,
  "vertices": [
    [
      9.43,
      2.08,
      2.71
    ],
    [
      2.07,
      2.54,
      5.6
    ],
    [
      -2.0880937605970837,
      -3.7589711952814335,
      0.9
    ],
    [
      -7.258385525278259,
      -7.683797210131919,
      3.22
    ],
    [
      0.8433390055456855,
      -1.8024647907033342,
      0.1
    ],
    [
      -2.4031463955971955,
      6.9989204454207234,
      1.88
    ],
    [
      -5.260853325978991,
      4.464686134829165,
      1.76
    ],
    [
      -5.004890129899123,
      -10.464753928671152,
      3.7
    ],
    [
      3.1979484870543375,
      4.718381658381068,
      2.0
    ],
    [
      4.207826956650444,
      6.208396918922458,
      3.7
    ],
    [
      6.059328642635865,
      -7.955157848875948,
      3.8
    ],
    [
      7.5,
      0.0,
      2.2
    ],
    [
      -4.961744525331027,
      -10.374540532734333,
      3.8
    ],
    [
      11.936297482242434,
      2.968973293145785,
      3.7
    ],
    [
      11.834759961392784,
      5.379447616271977,
      3.8
    ],
    [
      -12.795191894245578,
      2.8094598038470355,
      3.8
    ]
  ],
  "faces": [
    [
      26,
      24,
      61
    ],
    [
      26,
      25,
      61
    ],
    [
      26,
      25,
      24
    ],
    [
      30,
      25,
      24
    ],
    [
      50,
      14,
      59
    ],
    [
      50,
      24,
      28
    ],
    [
      60,
      14,
      59
    ],
    [
      60,
      30,
      25
    ],
    [
      60,
      30,
      24
    ],
    [
      22,
      24,
      28
    ],
    [
      22,
      23,
      28
    ],
    [
      22,
      24,
      61
    ],
    [
      22,
      23,
      61
    ],
    [
      54,
      50,
      59
    ],
    [
      54,
      50,
      24
    ],
    [
      58,
      50,
      28
    ],
    [
      58,
      50,
      14
    ],
    [
      58,
      14,
      61
    ],
    [
      58,
      23,
      61
    ],
    [
      58,
      23,
      28
    ],
    [
      37,
      60,
      25
    ],
    [
      37,
      60,
      14
    ],
    [
      37,
      25,
      61
    ],
    [
      37,
      14,
      61
    ],
    [
      3,
      54,
      24
    ],
    [
      3,
      60,
      24
    ],
    [
      3,
      54,
      59
    ],
    [
      3,
      60,
      59
    ]
  ],
  "volume": 618.0583853407475,
  "surface_sources": [
    "ncs_colors",
    "ral_classic",
    "golden_acrylics",
    "rhs_colors",
    "williamsburg_oils"
  ],
  "surface_colors": [
    {
      "name": "Cobalt Violet Hue",
      "munsell": "6.9RP 1.9/4.2",
      "source": "golden_acrylics"
    },
    {
      "name": "Permanent Violet Dark",
      "munsell": "3.1RP 0.9/4.3",
      "source": "golden_acrylics"
    },
    {
      "name": "Provence Violet Reddish",
      "munsell": "3.51RP 3.22/10.57",
      "source": "williamsburg_oils"
    },
    {
      "name": "Prussian Blue",
      "munsell": "1.55RP 0.1/1.99",
      "source": "williamsburg_oils"
    },
    {
      "name": "SF Ultramarine Pink",
      "munsell": "6.88RP 1.88/7.4",
      "source": "williamsburg_oils"
    },
    {
      "name": "Ultramarine Pink",
      "munsell": "6RP 1.76/6.9",
      "source": "williamsburg_oils"
    },
    {
      "name": "",
      "munsell": "10RP 2.1/6.9",
      "source": "ncs_colors"
    },
    {
      "name": "",
      "munsell": "3RP 3.7/11.6",
      "source": "ncs_colors"
    },
    {
      "name": "",
      "munsell": "5.3RP 4.0/3.1",
      "source": "ncs_colors"
    },
    {
      "name": "",
      "munsell": "8.4RP 2.0/5.7",
      "source": "ncs_colors"
    },
    {
      "name": "",
      "munsell": "4.5RP 2.3/4.6",
      "source": "ncs_colors"
    },
    {
      "name": "",
      "munsell": "10RP 2.6/4.8",
      "source": "ncs_colors"
    },
    {
      "name": "",
      "munsell": "8.3RP 1.9/5.0",
      "source": "ncs_colors"
    },
    {
      "name": "",
      "munsell": "4.4RP 2.3/4.9",
      "source": "ncs_colors"
    },
    {
      "name": "",
      "munsell": "6.5RP 2.6/2.3",
      "source": "ncs_colors"
    },
    {
      "name": "",
      "munsell": "10RP 2.3/2.2",
      "source": "ncs_colors"
    },
    {
      "name": "",
      "munsell": "8.4RP 3.7/7.5",
      "source": "ncs_colors"
    },
    {
      "name": "",
      "munsell": "7.3RP 1.9/3.7",
      "source": "ncs_colors"
    },
    {
      "name": "",
      "munsell": "2.7RP 3.0/6.4",
      "source": "ncs_colors"
    },
    {
      "name": "",
      "munsell": "1.2RP 2.0/3.0",
      "source": "ncs_colors"
    },
    {
      "name": "",
      "munsell": "4.9RP 3.9/6.7",
      "source": "ncs_colors"
    },
    {
      "name": "",
      "munsell": "8.9RP 3.1/7.8",
      "source": "ncs_colors"
    },
    {
      "name": "",
      "munsell": "2.6RP 3.7/5.9",
      "source": "ncs_colors"
    },
    {
      "name": "",
      "munsell": "10RP 1.8/2.3",
      "source": "ncs_colors"
    },
    {
      "name": "",
      "munsell": "1.1RP 3.0/4.8",
      "source": "ncs_colors"
    },
    {
      "name": "",
      "munsell": "5.2RP 3.1/3.6",
      "source": "ncs_colors"
    },
    {
      "name": "",
      "munsell": "8.7RP 3.1/4.4",
      "source": "ncs_colors"
    },
    {
      "name": "",
      "munsell": "8.7RP 3.9/4.4",
      "source": "ncs_colors"
    },
    {
      "name": "",
      "munsell": "7.3RP 2.6/4.4",
      "source": "ncs_colors"
    },
    {
      "name": "",
      "munsell": "1.2RP 3.8/10.0",
      "source": "ncs_colors"
    },
    {
      "name": "",
      "munsell": "9.9RP 2.4/7.1",
      "source": "ncs_colors"
    },
    {
      "name": "",
      "munsell": "6.8RP 3.7/3.7",
      "source": "ncs_colors"
    },
    {
      "name": "",
      "munsell": "9.3RP 3.7/9.7",
      "source": "ncs_colors"
    },
    {
      "name": "Purple red",
      "munsell": "10RP 2.2/7.5",
      "source": "ral_classic"
    },
    {
      "name": "Wine red",
      "munsell": "9.9RP 1.8/6.2",
      "source": "ral_classic"
    },
    {
      "name": "Black red",
      "munsell": "9.8RP 1.5/2.9",
      "source": "ral_classic"
    },
    {
      "name": "Claret violet",
      "munsell": "4.4RP 2.2/5.0",
      "source": "ral_classic"
    },
    {
      "name": "Traffic purple",
      "munsell": "3RP 3.8/11.5",
      "source": "ral_classic"
    },
    {
      "name": "",
      "munsell": "9.6RP 3.7/12.3",
      "source": "rhs_colors"
    },
    {
      "name": "",
      "munsell": "9.3RP 3.8/13.0",
      "source": "rhs_colors"
    },
    {
      "name": "",
      "munsell": "5.2RP 3.8/13.1",
      "source": "rhs_colors"
    }
  ]
}